CBSA,Geography,"April 1, 2010 - Census","April 1, 2010 - Estimates Base",Population Estimate (as of July 1) - 2010,Population Estimate (as of July 1) - 2011,Population Estimate (as of July 1) - 2012,Population Estimate (as of July 1) - 2013,Population Estimate (as of July 1) - 2014,Population Estimate (as of July 1) - 2015
0,United States,308745538,308758105,309346863,311718857,314102623,316427395,318907401,321418820
0,In metropolitan statistical area,262452132,262464496,263044201,265420886,267857302,270231023,272736401,275252217
10180,"Abilene, TX Metro Area",165252,165252,165609,166639,167578,167549,168380,169578
10420,"Akron, OH Metro Area",703200,703207,703119,703180,702674,703788,704835,704243
10500,"Albany, GA Metro Area",157308,157500,157665,157805,157370,155864,155020,153526
10540,"Albany, OR Metro Area",116672,116672,116890,118137,118359,118545,119269,120547
10580,"Albany-Schenectady-Troy, NY Metro Area",870716,870713,871112,873222,875542,878542,880091,881830
10740,"Albuquerque, NM Metro Area",887077,887075,889625,897024,901103,903502,904720,907301
10780,"Alexandria, LA Metro Area",153922,153922,154131,154408,154459,154785,154798,154484
10900,"Allentown-Bethlehem-Easton, PA-NJ Metro Area",821173,821303,822157,825219,827115,826766,829731,832327
11020,"Altoona, PA Metro Area",127089,127078,127051,127192,127015,126426,126016,125593
11100,"Amarillo, TX Metro Area",251933,251933,252725,256069,257915,259061,260987,262056
11180,"Ames, IA Metro Area",89542,89542,89633,90956,91868,93627,95456,96021
11260,"Anchorage, AK Metro Area",380821,380821,383166,388174,392404,397414,398642,399790
11460,"Ann Arbor, MI Metro Area",344791,345066,345563,349048,351213,354289,357029,358880
11500,"Anniston-Oxford-Jacksonville, AL Metro Area",118572,118586,118437,117768,117286,116575,115993,115620
11540,"Appleton, WI Metro Area",225666,225666,225944,227482,228641,229927,231483,233007
11700,"Asheville, NC Metro Area",424858,424860,425462,428387,431983,437267,441782,446840
12020,"Athens-Clarke County, GA Metro Area",192541,192541,193451,194618,196397,197892,199029,203189
12060,"Atlanta-Sandy Springs-Roswell, GA Metro Area",5286728,5286727,5303758,5374179,5455324,5523527,5615364,5710795
12100,"Atlantic City-Hammonton, NJ Metro Area",274549,274549,274761,275078,275763,276321,275499,274219
12220,"Auburn-Opelika, AL Metro Area",140247,140296,140782,144087,147899,151506,154426,156993
12260,"Augusta-Richmond County, GA-SC Metro Area",564873,564873,566568,570891,576560,579957,583338,590146
12420,"Austin-Round Rock, TX Metro Area",1716289,1716313,1727627,1781409,1835298,1884439,1943465,2000860
12540,"Bakersfield, CA Metro Area",839631,839631,841682,849949,856576,865787,874190,882176
12580,"Baltimore-Columbia-Towson, MD Metro Area",2710489,2710575,2715561,2735306,2755992,2773536,2786853,2797407
12620,"Bangor, ME Metro Area",153923,153920,153871,153822,153607,153527,153535,152692
12700,"Barnstable Town, MA Metro Area",215888,215888,215930,215339,214806,214685,214665,214333
12940,"Baton Rouge, LA Metro Area",802484,802500,804309,808469,814757,820106,825499,830480
12980,"Battle Creek, MI Metro Area",136146,136148,136025,135291,134750,134772,134821,134314
13020,"Bay City, MI Metro Area",107771,107771,107695,107497,107121,106958,106256,105659
13140,"Beaumont-Port Arthur, TX Metro Area",403190,403190,403701,405204,403778,405433,405644,408419
13220,"Beckley, WV Metro Area",124898,124901,124897,125115,124963,124181,123366,122507
13380,"Bellingham, WA Metro Area",201140,201140,201570,203415,204961,206349,208491,212284
13460,"Bend-Redmond, OR Metro Area",157733,157733,157839,159765,161749,165930,170398,175268
13740,"Billings, MT Metro Area",158934,158934,159355,160789,162883,165210,166853,168283
13780,"Binghamton, NY Metro Area",251725,251723,251456,250401,249157,248432,247446,246020
13820,"Birmingham-Hoover, AL Metro Area",1128047,1128056,1128879,1130905,1133993,1139018,1142823,1145647
13900,"Bismarck, ND Metro Area",114778,114778,115293,117137,120047,123812,126668,129517
13980,"Blacksburg-Christiansburg-Radford, VA Metro Area",178237,178258,178525,178890,179502,180836,181438,181747
14010,"Bloomington, IL Metro Area",186133,186133,186444,187368,189102,191271,190356,189413
14020,"Bloomington, IN Metro Area",159549,159542,160139,161838,162687,163272,164605,165577
14100,"Bloomsburg-Berwick, PA Metro Area",85562,85563,85669,85298,85395,85593,85578,85229
14260,"Boise City, ID Metro Area",616561,616561,618020,627647,637653,650097,664707,676909
14460,"Boston-Cambridge-Newton, MA-NH Metro Area",4552402,4552412,4565410,4608426,4652342,4698356,4739385,4774321
1446014454,"Boston, MA Metro Division",1887792,1887745,1893962,1912979,1932117,1952426,1969547,1984537
1446015764,"Cambridge-Newton-Framingham, MA Metro Division",2246244,2246301,2252896,2275423,2297764,2322448,2343009,2361182
1446040484,"Rockingham County-Strafford County, NH Metro Division",418366,418366,418552,420024,422461,423482,426829,428602
14500,"Boulder, CO Metro Area",294567,294571,295986,300671,305548,310706,313864,319372
14540,"Bowling Green, KY Metro Area",158599,158599,159154,160716,162102,164022,165947,168436
14740,"Bremerton-Silverdale, WA Metro Area",251133,251133,251723,254458,254764,253325,254525,260131
14860,"Bridgeport-Stamford-Norwalk, CT Metro Area",916829,916850,919744,929013,935238,941793,945816,948053
15180,"Brownsville-Harlingen, TX Metro Area",406220,406219,407626,413130,415977,418071,420400,422156
15260,"Brunswick, GA Metro Area",112370,112368,112540,113010,113360,113876,114758,116003
15380,"Buffalo-Cheektowaga-Niagara Falls, NY Metro Area",1135509,1135551,1135566,1135593,1135198,1136008,1136642,1135230
15500,"Burlington, NC Metro Area",151131,151241,151581,152947,153822,154886,156357,158276
15540,"Burlington-South Burlington, VT Metro Area",211261,211262,211554,212886,213968,215177,216335,217042
15680,"California-Lexington Park, MD Metro Area",105151,105151,105758,107779,109019,109510,110350,111413
15940,"Canton-Massillon, OH Metro Area",404422,404420,404286,403186,403390,403299,403847,402976
15980,"Cape Coral-Fort Myers, FL Metro Area",618754,618754,620532,631368,644865,660929,679233,701982
16020,"Cape Girardeau, MO-IL Metro Area",96275,96275,96443,97062,97235,97216,97579,97534
16060,"Carbondale-Marion, IL Metro Area",126575,126580,126821,127043,125742,127012,126651,126828
16180,"Carson City, NV Metro Area",55274,55274,55030,54756,54598,54057,54480,54521
16220,"Casper, WY Metro Area",75450,75450,75472,76420,78699,81156,81603,82178
16300,"Cedar Rapids, IA Metro Area",257940,257940,258409,260896,261757,262350,263974,266040
16540,"Chambersburg-Waynesboro, PA Metro Area",149618,149618,149948,151037,151618,152181,152951,153638
16580,"Champaign-Urbana, IL Metro Area",231891,231889,232290,233313,234583,236022,237579,238984
16620,"Charleston, WV Metro Area",227078,227071,226895,225783,225735,224654,222824,220614
16700,"Charleston-North Charleston, SC Metro Area",664607,664643,667496,681220,697040,711405,726969,744526
16740,"Charlotte-Concord-Gastonia, NC-SC Metro Area",2217012,2217248,2223672,2256845,2295310,2336266,2379177,2426363
16820,"Charlottesville, VA Metro Area",218705,218707,219094,221300,223085,224590,226860,229514
16860,"Chattanooga, TN-GA Metro Area",528143,528145,529220,533350,538148,542149,544197,547776
16940,"Cheyenne, WY Metro Area",91738,91881,92271,92663,94894,96006,96469,97121
16980,"Chicago-Naperville-Elgin, IL-IN-WI Metro Area",9461105,9461537,9471357,9495578,9520766,9545362,9557294,9551031
1698016974,"Chicago-Naperville-Arlington Heights, IL Metro Division",7262718,7263098,7270900,7295444,7319196,7339934,7347318,7340454
1698020994,"Elgin, IL Metro Division",620429,620466,621246,624304,626101,628357,632194,635199
1698023844,"Gary, IN Metro Division",708070,708138,708291,707828,706497,705579,705418,703031
1698029404,"Lake County-Kenosha County, IL-WI Metro Division",869888,869835,870920,868002,868972,871492,872364,872347
17020,"Chico, CA Metro Area",220000,220000,219977,220019,221205,222154,224033,225411
17140,"Cincinnati, OH-KY-IN Metro Area",2114580,2114755,2117863,2123412,2129877,2137868,2148450,2157719
17300,"Clarksville, TN-KY Metro Area",260625,260610,261691,264464,275353,273211,277894,281021
17420,"Cleveland, TN Metro Area",115788,115788,115963,116738,117817,118557,119769,120864
17460,"Cleveland-Elyria, OH Metro Area",2077240,2077246,2075661,2068349,2064321,2064854,2064079,2060810
17660,"Coeur d'Alene, ID Metro Area",138494,138494,138910,141056,142292,144289,147245,150346
17780,"College Station-Bryan, TX Metro Area",228660,228660,229473,231418,234108,237880,242919,249156
17820,"Colorado Springs, CO Metro Area",645613,645611,650366,660276,669051,678384,686252,697856
17860,"Columbia, MO Metro Area",162642,162642,163200,166000,168730,171126,173019,174974
17900,"Columbia, SC Metro Area",767598,767477,769692,776718,784044,791820,800011,810068
17980,"Columbus, GA-AL Metro Area",294865,295531,296500,302636,311905,317443,314342,313749
18020,"Columbus, IN Metro Area",76794,76786,76846,77630,78924,79505,80220,81162
18140,"Columbus, OH Metro Area",1901974,1902015,1906439,1925973,1946452,1970511,1997308,2021632
18580,"Corpus Christi, TX Metro Area",428185,428188,427997,431018,436958,443362,448351,452422
18700,"Corvallis, OR Metro Area",85579,85581,85565,86025,86441,86024,86414,87572
18880,"Crestview-Fort Walton Beach-Destin, FL Metro Area",235865,235865,236005,238850,247506,252883,257209,262172
19060,"Cumberland, MD-WV Metro Area",103299,103299,103253,102667,101900,101365,100611,99979
19100,"Dallas-Fort Worth-Arlington, TX Metro Area",6426214,6426214,6452614,6574298,6709559,6822353,6958092,7102796
1910019124,"Dallas-Plano-Irving, TX Metro Division",4230520,4230031,4248610,4335904,4432872,4511504,4607586,4707151
1910023104,"Fort Worth-Arlington, TX Metro Division",2195694,2196183,2204004,2238394,2276687,2310849,2350506,2395645
19140,"Dalton, GA Metro Area",142227,142227,142317,142531,142616,142384,142971,143781
19180,"Danville, IL Metro Area",81625,81625,81613,81386,80804,80530,79837,79282
19300,"Daphne-Fairhope-Foley, AL Metro Area",182265,182265,183193,186659,190396,195126,199713,203709
19340,"Davenport-Moline-Rock Island, IA-IL Metro Area",379690,379689,380236,381147,382890,384089,383995,383606
19380,"Dayton, OH Metro Area",799232,799216,800303,801389,802296,801622,801145,800909
19460,"Decatur, AL Metro Area",153829,153825,153908,153990,153888,153221,153082,152680
19500,"Decatur, IL Metro Area",110768,110768,110780,110630,110103,109550,108381,107303
19660,"Deltona-Daytona Beach-Ormond Beach, FL Metro Area",590289,590293,590688,591838,595703,601402,610290,623279
19740,"Denver-Aurora-Lakewood, CO Metro Area",2543482,2543600,2554468,2601104,2648482,2700086,2755856,2814330
19780,"Des Moines-West Des Moines, IA Metro Area",569633,569633,571981,580949,589670,600263,612156,622899
19820,"Detroit-Warren-Dearborn, MI Metro Area",4296250,4296313,4291288,4287427,4294049,4297081,4301480,4302043
1982019804,"Detroit-Dearborn-Livonia, MI Metro Division",1820584,1820641,1815199,1801273,1792514,1775713,1766008,1759335
1982047664,"Warren-Troy-Farmington Hills, MI Metro Division",2475666,2475672,2476089,2486154,2501535,2521368,2535472,2542708
20020,"Dothan, AL Metro Area",145639,145639,145870,146661,147610,147568,147993,148171
20100,"Dover, DE Metro Area",162310,162349,162990,165242,167611,169385,171773,173533
20220,"Dubuque, IA Metro Area",93653,93653,93924,94612,95227,95981,96587,97125
20260,"Duluth, MN-WI Metro Area",279771,279771,279746,279849,279526,279781,279983,279601
20500,"Durham-Chapel Hill, NC Metro Area",504357,506631,508123,516010,525221,533829,543217,552493
20700,"East Stroudsburg, PA Metro Area",169842,169842,169906,169876,168579,167310,167242,166397
20740,"Eau Claire, WI Metro Area",161151,161390,161652,162850,163925,164951,165085,165636
20940,"El Centro, CA Metro Area",174528,174528,174750,176372,177557,177579,179332,180191
21060,"Elizabethtown-Fort Knox, KY Metro Area",148338,148351,149940,151330,150476,151573,151895,148604
21140,"Elkhart-Goshen, IN Metro Area",197559,197561,197471,198509,199229,200476,201739,203474
21300,"Elmira, NY Metro Area",88830,88842,88969,88997,89277,88523,87469,87071
21340,"El Paso, TX Metro Area",804123,804123,807102,823426,835201,835769,838756,838972
21500,"Erie, PA Metro Area",280566,280566,280774,281116,281076,280117,278936,278045
21660,"Eugene, OR Metro Area",351715,351715,351966,353637,354610,355650,358506,362895
21780,"Evansville, IN-KY Metro Area",311552,311552,311817,312642,313389,314454,315137,315693
21820,"Fairbanks, AK Metro Area",97581,97581,98289,98146,100370,101007,99371,99631
22020,"Fargo, ND-MN Metro Area",208777,208777,209419,213082,217727,223695,228557,233836
22140,"Farmington, NM Metro Area",130044,130045,130140,128016,128359,126564,123990,118737
22180,"Fayetteville, NC Metro Area",366383,366383,367623,373337,373605,377479,377458,376509
22220,"Fayetteville-Springdale-Rogers, AR-MO Metro Area",463204,463207,465802,474343,483158,492352,502064,513559
22380,"Flagstaff, AZ Metro Area",134421,134437,134626,134182,135978,136612,137637,139097
22420,"Flint, MI Metro Area",425790,425790,425057,421784,418110,415695,412934,410849
22500,"Florence, SC Metro Area",205566,205571,205683,205714,206156,206186,206756,206448
22520,"Florence-Muscle Shoals, AL Metro Area",147137,147137,147261,147061,147152,147200,147543,146950
22540,"Fond du Lac, WI Metro Area",101633,101633,101712,101898,101856,101865,102010,101973
22660,"Fort Collins, CO Metro Area",299630,299630,300524,305314,310970,316618,324657,333577
22900,"Fort Smith, AR-OK Metro Area",280467,280515,280681,281006,280810,280041,279821,280241
23060,"Fort Wayne, IN Metro Area",416257,416254,416912,419838,421851,424448,426940,429820
23420,"Fresno, CA Metro Area",930450,930452,932462,940971,947713,955217,964983,974861
23460,"Gadsden, AL Metro Area",104430,104427,104442,104236,104235,103852,103452,103057
23540,"Gainesville, FL Metro Area",264275,264274,264619,266674,268547,270173,273495,277163
23580,"Gainesville, GA Metro Area",179684,179684,180003,182920,185012,187588,190525,193535
23900,"Gettysburg, PA Metro Area",101407,101417,101472,101657,101572,101525,101787,102295
24020,"Glens Falls, NY Metro Area",128923,128921,128976,128776,128462,127890,127356,126918
24140,"Goldsboro, NC Metro Area",122623,122623,122892,124028,124516,124597,124502,124132
24220,"Grand Forks, ND-MN Metro Area",98461,98461,98616,98187,99198,101020,101779,102449
24260,"Grand Island, NE Metro Area",81850,81850,82057,82698,83461,84099,84751,85066
24300,"Grand Junction, CO Metro Area",146723,146723,146489,147372,147720,147676,147890,148513
24340,"Grand Rapids-Wyoming, MI Metro Area",988938,988940,989524,996733,1006814,1018291,1028962,1038583
24420,"Grants Pass, OR Metro Area",82713,82713,82868,82641,82791,83263,83606,84745
24500,"Great Falls, MT Metro Area",81327,81327,81533,81772,81767,82367,82268,82278
24540,"Greeley, CO Metro Area",252825,252831,254166,258704,264117,270368,276379,285174
24580,"Green Bay, WI Metro Area",306241,306241,306736,308771,311081,312514,314498,316519
24660,"Greensboro-High Point, NC Metro Area",723801,723798,725068,730175,736015,741422,747397,752157
24780,"Greenville, NC Metro Area",168148,168148,168822,170782,172924,174339,175103,175842
24860,"Greenville-Anderson-Mauldin, SC Metro Area",824112,824107,825782,833560,842067,850124,862533,874869
25060,"Gulfport-Biloxi-Pascagoula, MS Metro Area",370702,370787,371451,375726,379022,382558,386297,389255
25180,"Hagerstown-Martinsburg, MD-WV Metro Area",251599,251602,252384,254525,256233,257910,259817,261486
25220,"Hammond, LA Metro Area",121097,121101,121491,122644,123672,125413,126948,128755
25260,"Hanford-Corcoran, CA Metro Area",152982,152982,152367,151969,151201,150748,150108,150965
25420,"Harrisburg-Carlisle, PA Metro Area",549475,549473,550239,551895,554913,558041,561134,565006
25500,"Harrisonburg, VA Metro Area",125228,125217,125415,126873,128479,128986,130395,131131
25540,"Hartford-West Hartford-East Hartford, CT Metro Area",1212381,1212387,1214139,1216195,1214591,1214949,1213225,1211324
25620,"Hattiesburg, MS Metro Area",142842,142857,143293,145263,146665,147760,148168,148839
25860,"Hickory-Lenoir-Morganton, NC Metro Area",365497,365492,365196,364234,363389,363016,362223,362510
25940,"Hilton Head Island-Bluffton-Beaufort, SC Metro Area",187010,187010,187832,189363,193362,197571,202137,207413
25980,"Hinesville, GA Metro Area",77917,77917,77369,80365,81550,80648,82317,80198
26140,"Homosassa Springs, FL Metro Area",141236,141236,141266,139755,139256,138985,139217,141058
26300,"Hot Springs, AR Metro Area",96024,96000,96128,96603,96798,97006,97185,97177
26380,"Houma-Thibodaux, LA Metro Area",208178,208176,208224,208631,208789,209911,211454,212297
26420,"Houston-The Woodlands-Sugar Land, TX Metro Area",5920416,5920493,5948253,6059752,6185988,6332710,6497864,6656947
26580,"Huntington-Ashland, WV-KY-OH Metro Area",364908,364930,365075,364820,364860,364087,363153,361580
26620,"Huntsville, AL Metro Area",417593,417593,419301,425131,430017,435590,440724,444752
26820,"Idaho Falls, ID Metro Area",133265,133337,133824,134956,136301,137039,138126,139747
26900,"Indianapolis-Carmel-Anderson, IN Metro Area",1887877,1888082,1892614,1910355,1929052,1953277,1971861,1988817
26980,"Iowa City, IA Metro Area",152586,152586,152988,155562,158842,161854,164508,166498
27060,"Ithaca, NY Metro Area",101564,101594,101774,102120,103133,104367,104727,104926
27100,"Jackson, MI Metro Area",160248,160248,160169,159683,160137,159858,159624,159494
27140,"Jackson, MS Metro Area",567122,567645,568799,574309,576779,577150,578335,578777
27180,"Jackson, TN Metro Area",130011,130009,130009,129778,130326,130653,130103,129682
27260,"Jacksonville, FL Metro Area",1345596,1345596,1349083,1362032,1379209,1396267,1421004,1449481
27340,"Jacksonville, NC Metro Area",177772,177772,179595,177857,183769,185560,185267,186311
27500,"Janesville-Beloit, WI Metro Area",160331,160331,160234,159999,160288,160634,161267,161448
27620,"Jefferson City, MO Metro Area",149807,149807,149955,150361,150350,150586,150847,151145
27740,"Johnson City, TN Metro Area",198716,198716,198973,199767,200504,200565,200148,200648
27780,"Johnstown, PA Metro Area",143679,143674,143468,142584,141540,138835,137534,136411
27860,"Jonesboro, AR Metro Area",121026,121026,121248,122821,124232,125828,126821,128394
27900,"Joplin, MO Metro Area",175518,175516,175871,176676,174494,175262,176162,177211
27980,"Kahului-Wailuku-Lahaina, HI Metro Area",154924,154925,155068,156891,158599,161036,163487,164726
28020,"Kalamazoo-Portage, MI Metro Area",326589,326592,326909,328370,330227,332493,334085,335340
28100,"Kankakee, IL Metro Area",113449,113449,113450,113527,112988,112239,111473,110879
28140,"Kansas City, MO-KS Metro Area",2009342,2009338,2013703,2025082,2039356,2055178,2071283,2087471
28420,"Kennewick-Richland, WA Metro Area",253340,253340,255648,263758,268365,271158,274469,279116
28660,"Killeen-Temple, TX Metro Area",405300,405303,408337,412674,420073,423021,425143,431032
28700,"Kingsport-Bristol-Bristol, TN-VA Metro Area",309544,309542,309584,309108,308862,308189,307723,307120
28740,"Kingston, NY Metro Area",182493,182531,182421,182676,181839,181054,180787,180143
28940,"Knoxville, TN Metro Area",837571,837579,838767,842853,847824,851632,857067,861424
29020,"Kokomo, IN Metro Area",82752,82752,82731,82851,82900,82825,82693,82556
29100,"La Crosse-Onalaska, WI-MN Metro Area",133665,133665,133880,134193,135558,135967,136595,136985
29180,"Lafayette, LA Metro Area",466750,466750,467612,470712,474247,479881,485411,490488
29200,"Lafayette-West Lafayette, IN Metro Area",201789,201798,202087,204493,207355,210108,212271,214363
29340,"Lake Charles, LA Metro Area",199607,199629,200009,200507,201128,202182,203544,205605
29420,"Lake Havasu City-Kingman, AZ Metro Area",200186,200186,200374,202671,203232,202839,203331,204737
29460,"Lakeland-Winter Haven, FL Metro Area",602095,602095,603192,609544,615584,622895,635264,650092
29540,"Lancaster, PA Metro Area",519445,519448,520357,523692,526879,530238,533645,536624
29620,"Lansing-East Lansing, MI Metro Area",464036,464032,464244,466125,466872,468087,470322,472276
29700,"Laredo, TX Metro Area",250304,250304,251337,255639,260015,263861,267018,269721
29740,"Las Cruces, NM Metro Area",209233,209241,210202,212982,214428,214051,214059,214295
29820,"Las Vegas-Henderson-Paradise, NV Metro Area",1951269,1951269,1953378,1967290,1998204,2028421,2069146,2114801
29940,"Lawrence, KS Metro Area",110826,110826,111242,112415,113255,114651,116463,118053
30020,"Lawton, OK Metro Area",130291,130291,131563,132226,132754,131240,131352,130644
30140,"Lebanon, PA Metro Area",133568,133577,133673,134483,135528,135607,136196,137067
30300,"Lewiston, ID-WA Metro Area",60888,60888,61045,61358,61444,62022,62120,62153
30340,"Lewiston-Auburn, ME Metro Area",107702,107702,107706,107403,107558,107365,107408,107233
30460,"Lexington-Fayette, KY Metro Area",472099,472099,473464,478667,484921,489894,494982,500535
30620,"Lima, OH Metro Area",106331,106331,106405,105963,105329,105216,105048,104425
30700,"Lincoln, NE Metro Area",302157,302157,302985,306728,310601,314642,319840,323578
30780,"Little Rock-North Little Rock-Conway, AR Metro Area",699757,699823,702416,710842,717780,724227,728960,731612
30860,"Logan, UT-ID Metro Area",125442,125442,126160,127701,128795,130128,131334,133857
30980,"Longview, TX Metro Area",214369,214384,214732,215934,216722,216425,216795,217781
31020,"Longview, WA Metro Area",102410,102410,102417,102375,101840,101792,102214,103468
31080,"Los Angeles-Long Beach-Anaheim, CA Metro Area",12828837,12828966,12843875,12952686,13059779,13165355,13254397,13340068
3108011244,"Anaheim-Santa Ana-Irvine, CA Metro Division",3010232,3010266,3017866,3056084,3089343,3120180,3144961,3169776
3108031084,"Los Angeles-Long Beach-Glendale, CA Metro Division",9818605,9818700,9826009,9896602,9970436,10045175,10109436,10170292
31140,"Louisville/Jefferson County, KY-IN Metro Area",1235708,1235710,1237810,1244591,1252418,1263092,1271172,1278413
31180,"Lubbock, TX Metro Area",290805,290805,292203,295384,297967,301580,306680,311154
31340,"Lynchburg, VA Metro Area",252634,252659,253054,254196,255715,256934,258151,259950
31420,"Macon, GA Metro Area",232293,232293,232260,232780,232804,231316,230591,230096
31460,"Madera, CA Metro Area",150865,150865,151125,152089,152160,152125,154562,154998
31540,"Madison, WI Metro Area",605435,605437,606557,613926,620675,627739,634364,641385
31700,"Manchester-Nashua, NH Metro Area",400721,400721,401016,401758,402641,403444,405339,406678
31740,"Manhattan, KS Metro Area",92719,92735,93319,95366,98627,98175,97524,98545
31860,"Mankato-North Mankato, MN Metro Area",96740,96740,96840,97318,98014,97838,98754,99134
31900,"Mansfield, OH Metro Area",124475,124475,124173,123076,122600,122263,121914,121707
32580,"McAllen-Edinburg-Mission, TX Metro Area",774769,774774,779143,795272,807776,819173,831561,842304
32780,"Medford, OR Metro Area",203206,203206,203413,204761,206336,207998,210151,212567
32820,"Memphis, TN-MS-AR Metro Area",1324829,1324829,1326410,1332573,1340522,1341548,1342914,1344127
32900,"Merced, CA Metro Area",255793,255798,256832,259784,261788,263312,266087,268455
33100,"Miami-Fort Lauderdale-West Palm Beach, FL Metro Area",5564635,5566299,5585605,5706159,5788070,5861337,5937100,6012331
3310022744,"Fort Lauderdale-Pompano Beach-Deerfield Beach, FL Metro Division",1748066,1748148,1753263,1787582,1818491,1843583,1869679,1896425
3310033124,"Miami-Miami Beach-Kendall, FL Metro Division",2496435,2498017,2508171,2580077,2611183,2641928,2668903,2693117
3310048424,"West Palm Beach-Boca Raton-Delray Beach, FL Metro Division",1320134,1320134,1324171,1338500,1358396,1375826,1398518,1422789
33140,"Michigan City-La Porte, IN Metro Area",111467,111467,111454,111223,111223,111376,111695,110884
33220,"Midland, MI Metro Area",83629,83629,83664,83761,83660,83588,83479,83632
33260,"Midland, TX Metro Area",141671,141674,141806,145044,152178,157326,161440,166718
33340,"Milwaukee-Waukesha-West Allis, WI Metro Area",1555908,1555954,1556715,1561467,1567495,1571207,1574115,1575747
33460,"Minneapolis-St. Paul-Bloomington, MN-WI Metro Area",3348859,3348857,3355540,3389626,3423250,3460826,3495656,3524583
33540,"Missoula, MT Metro Area",109299,109299,109455,110160,111077,111731,112681,114181
33660,"Mobile, AL Metro Area",412992,413143,413332,413062,413750,414121,414926,415395
33700,"Modesto, CA Metro Area",514453,514451,515334,518282,522097,526119,531951,538388
33740,"Monroe, LA Metro Area",176441,176502,176798,177383,177800,178466,178622,179238
33780,"Monroe, MI Metro Area",152021,152021,151945,151535,150878,150253,149945,149568
33860,"Montgomery, AL Metro Area",374536,374529,375123,377880,375745,373646,373256,373792
34060,"Morgantown, WV Metro Area",129709,129709,130337,132310,134433,135635,136835,138176
34100,"Morristown, TN Metro Area",113951,114111,114166,114753,115007,115366,115674,116642
34580,"Mount Vernon-Anacortes, WA Metro Area",116901,116901,117004,117768,118032,118745,120325,121846
34620,"Muncie, IN Metro Area",117671,117671,117692,117824,117364,117435,117201,116852
34740,"Muskegon, MI Metro Area",172188,172188,171922,169985,170129,172213,172300,172790
34820,"Myrtle Beach-Conway-North Myrtle Beach, SC-NC Metro Area",376722,376722,378697,385691,394006,404441,417177,431964
34900,"Napa, CA Metro Area",136484,136530,136810,137998,139055,140413,141551,142456
34940,"Naples-Immokalee-Marco Island, FL Metro Area",321520,321520,322683,327742,332515,339537,348355,357305
34980,"Nashville-Davidson--Murfreesboro--Franklin, TN Metro Area",1670890,1670896,1675972,1698475,1727473,1759034,1793910,1830345
35100,"New Bern, NC Metro Area",126802,126802,127120,128261,128637,127515,127333,126245
35300,"New Haven-Milford, CT Metro Area",862477,862474,863401,863977,863921,862515,861238,859470
35380,"New Orleans-Metairie, LA Metro Area",1189866,1189863,1195613,1214065,1228059,1241508,1251962,1262888
35620,"New York-Newark-Jersey City, NY-NJ-PA Metro Area",19567410,19566387,19601147,19756397,19871785,19994144,20095119,20182305
3562020524,"Dutchess County-Putnam County, NY Metro Division",397198,397198,397540,398181,396914,396559,395632,394796
3562035004,"Nassau County-Suffolk County, NY Metro Division",2832882,2833053,2836760,2847919,2850925,2857130,2861015,2862937
3562035084,"Newark, NJ-PA Metro Division",2471171,2469792,2472819,2483104,2488956,2499320,2506933,2511493
3562035614,"New York-Jersey City-White Plains, NY-NJ Metro Division",13866159,13866344,13894028,14027193,14134990,14241135,14331539,14413079
35660,"Niles-Benton Harbor, MI Metro Area",156813,156817,156792,156510,156015,155363,155299,154636
35840,"North Port-Sarasota-Bradenton, FL Metro Area",702281,702268,703366,708805,719982,732334,748795,768918
35980,"Norwich-New London, CT Metro Area",274055,274046,274067,273211,274394,273716,272743,271863
36100,"Ocala, FL Metro Area",331298,331304,331421,332272,334094,335688,338749,343254
36140,"Ocean City, NJ Metro Area",97265,97265,97263,96597,96447,95896,95359,94727
36220,"Odessa, TX Metro Area",137130,137133,137078,139733,144552,149666,154399,159436
36260,"Ogden-Clearfield, UT Metro Area",597159,597159,599800,606094,612852,622524,632295,642850
36420,"Oklahoma City, OK Metro Area",1252987,1252992,1257950,1276810,1298118,1321040,1337619,1358452
36500,"Olympia-Tumwater, WA Metro Area",252264,252264,253067,256529,258838,262666,266048,269536
36540,"Omaha-Council Bluffs, NE-IA Metro Area",865350,865356,868170,877024,885973,896024,905267,915312
36740,"Orlando-Kissimmee-Sanford, FL Metro Area",2134411,2134405,2139565,2176212,2226601,2272395,2326729,2387138
36780,"Oshkosh-Neenah, WI Metro Area",166994,166994,167059,167630,168717,169486,169639,169546
36980,"Owensboro, KY Metro Area",114752,114754,114777,115329,116002,116408,116507,117463
37100,"Oxnard-Thousand Oaks-Ventura, CA Metro Area",823318,823387,825298,831130,835416,840964,846119,850536
37340,"Palm Bay-Melbourne-Titusville, FL Metro Area",543376,543378,543966,544323,547495,551148,556902,568088
37460,"Panama City, FL Metro Area",184715,184715,185061,185312,187589,190649,194635,197506
37620,"Parkersburg-Vienna, WV Metro Area",92673,92673,92761,92629,92400,92361,92278,92332
37860,"Pensacola-Ferry Pass-Brent, FL Metro Area",448991,448991,451118,455372,462565,468479,472278,478043
37900,"Peoria, IL Metro Area",379186,379186,378947,379688,380408,381834,379784,378018
37980,"Philadelphia-Camden-Wilmington, PA-NJ-DE-MD Metro Area",5965343,5965379,5971463,5997102,6021349,6036356,6053720,6069875
3798015804,"Camden, NJ Metro Division",1250679,1250694,1251513,1253204,1253939,1251948,1252542,1252628
3798033874,"Montgomery County-Bucks County-Chester County, PA Metro Division",1924009,1924285,1926486,1935712,1942323,1949641,1956507,1962570
3798037964,"Philadelphia, PA Metro Division",2084985,2084732,2087391,2098162,2111453,2118305,2124519,2131336
3798048864,"Wilmington, DE-MD-NJ Metro Division",705670,705668,706073,710024,713634,716462,720152,723341
38060,"Phoenix-Mesa-Scottsdale, AZ Metro Area",4192887,4193127,4204981,4250001,4327809,4400688,4486543,4574531
38220,"Pine Bluff, AR Metro Area",100258,100258,100083,99020,97375,95726,94783,93696
38300,"Pittsburgh, PA Metro Area",2356285,2356283,2356988,2360162,2361815,2361518,2358096,2353045
38340,"Pittsfield, MA Metro Area",131219,131272,131278,130529,130171,129345,128565,127828
38540,"Pocatello, ID Metro Area",82839,82839,83026,83584,83792,83430,83471,83744
38860,"Portland-South Portland, ME Metro Area",514098,514100,513892,516087,518249,520290,523546,526295
38900,"Portland-Vancouver-Hillsboro, OR-WA Metro Area",2226009,2226011,2232447,2260445,2288850,2314482,2348607,2389228
38940,"Port St. Lucie, FL Metro Area",424107,424107,425243,428411,432438,437773,444495,454846
39140,"Prescott, AZ Metro Area",211033,211015,211122,211135,212468,215271,218852,222255
39300,"Providence-Warwick, RI-MA Metro Area",1600852,1601216,1602393,1601082,1603402,1605040,1609533,1613070
39340,"Provo-Orem, UT Metro Area",526810,526886,530270,540877,550421,562697,571990,585799
39380,"Pueblo, CO Metro Area",159063,159063,159520,160187,160816,161240,161759,163591
39460,"Punta Gorda, FL Metro Area",159978,159991,159947,159641,162831,164892,168437,173115
39540,"Racine, WI Metro Area",195408,195428,195443,194965,194639,194807,194986,195080
39580,"Raleigh, NC Metro Area",1130490,1130491,1137445,1163234,1188974,1214747,1243035,1273568
39660,"Rapid City, SD Metro Area",134598,134609,135064,136369,138804,141367,143625,144134
39740,"Reading, PA Metro Area",411442,411572,411984,412715,413516,413965,414360,415271
39820,"Redding, CA Metro Area",177223,177223,177317,177969,178421,179041,179747,179533
39900,"Reno, NV Metro Area",425417,425437,426130,428970,433087,437731,444062,450890
40060,"Richmond, VA Metro Area",1208101,1208080,1210265,1219768,1233773,1246499,1259685,1271334
40140,"Riverside-San Bernardino-Ontario, CA Metro Area",4224851,4224972,4243928,4301633,4347082,4387415,4438715,4489159
40220,"Roanoke, VA Metro Area",308707,308682,308659,309391,310880,312557,313691,314560
40340,"Rochester, MN Metro Area",206877,206877,207173,208507,209580,211620,212672,213873
40380,"Rochester, NY Metro Area",1079671,1079695,1080285,1082621,1083192,1084332,1083678,1081954
40420,"Rockford, IL Metro Area",349431,349431,349224,347864,345809,344746,342367,340663
40580,"Rocky Mount, NC Metro Area",152392,152390,152447,151807,150990,149997,149147,148069
40660,"Rome, GA Metro Area",96317,96317,96415,96208,96034,96039,96061,96504
40900,"Sacramento--Roseville--Arden-Arcade, CA Metro Area",2149127,2149143,2154521,2175568,2195353,2217634,2244879,2274194
40980,"Saginaw, MI Metro Area",200169,200169,199916,198855,198329,196764,195142,193307
41060,"St. Cloud, MN Metro Area",189093,189093,189219,190119,190564,191396,192579,194418
41100,"St. George, UT Metro Area",138115,138115,138424,141507,144597,147637,151876,155602
41140,"St. Joseph, MO-KS Metro Area",127329,127329,127235,127729,127957,127714,127377,126880
41180,"St. Louis, MO-IL Metro Area",2787701,2787748,2790026,2793783,2797113,2800914,2806191,2811588
41420,"Salem, OR Metro Area",390738,390738,391534,393862,396231,398608,403821,410091
41500,"Salinas, CA Metro Area",415057,415057,416413,421466,426441,429109,431293,433898
41540,"Salisbury, MD-DE Metro Area",373802,373764,374783,378188,381532,385088,389811,395300
41620,"Salt Lake City, UT Metro Area",1087873,1087799,1091699,1107958,1124609,1141905,1154513,1170266
41660,"San Angelo, TX Metro Area",111823,111823,112285,113442,115067,116563,118449,119659
41700,"San Antonio-New Braunfels, TX Metro Area",2142508,2142518,2153215,2194579,2238578,2283485,2332790,2384075
41740,"San Diego-Carlsbad, CA Metro Area",3095313,3095308,3104386,3142256,3184358,3223645,3265700,3299521
41860,"San Francisco-Oakland-Hayward, CA Metro Area",4335391,4335560,4345364,4400757,4462425,4529180,4595980,4656132
4186036084,"Oakland-Hayward-Berkeley, CA Metro Division",2559296,2559458,2566675,2599688,2636242,2679804,2724560,2764960
4186041884,"San Francisco-Redwood City-South San Francisco, CA Metro Division",1523686,1523693,1525786,1545666,1570162,1590824,1610870,1629951
4186042034,"San Rafael, CA Metro Division",252409,252409,252903,255403,256021,258552,260550,261221
41940,"San Jose-Sunnyvale-Santa Clara, CA Metro Area",1836911,1836941,1842401,1870402,1898203,1928745,1954348,1976836
42020,"San Luis Obispo-Paso Robles-Arroyo Grande, CA Metro Area",269637,269593,269905,271208,274552,276308,279116,281401
42100,"Santa Cruz-Watsonville, CA Metro Area",262382,262362,263266,264971,266597,269277,271401,274146
42140,"Santa Fe, NM Metro Area",144170,144171,144462,145395,146326,147154,147977,148686
42200,"Santa Maria-Santa Barbara, CA Metro Area",423895,423939,424379,426131,430873,436248,441228,444769
42220,"Santa Rosa, CA Metro Area",483878,483880,484791,487778,490746,495046,499674,502146
42340,"Savannah, GA Metro Area",347611,347621,348751,355819,362203,365776,372357,379199
42540,"Scranton--Wilkes-Barre--Hazleton, PA Metro Area",563631,563630,563743,564030,564328,561939,560041,558166
42660,"Seattle-Tacoma-Bellevue, WA Metro Area",3439809,3439815,3448636,3498362,3554031,3612962,3672866,3733580
4266042644,"Seattle-Bellevue-Everett, WA Metro Division",2644584,2644586,2653214,2695042,2742044,2793626,2841705,2889626
4266045104,"Tacoma-Lakewood, WA Metro Division",795225,795229,795422,803320,811987,819336,831161,843954
42680,"Sebastian-Vero Beach, FL Metro Area",138028,138028,138233,138979,140640,142021,144772,147919
42700,"Sebring, FL Metro Area",98786,98786,98665,98284,97998,97762,98104,99491
43100,"Sheboygan, WI Metro Area",115507,115507,115474,115372,115010,114915,115262,115569
43300,"Sherman-Denison, TX Metro Area",120877,120873,121042,121249,121601,122165,123419,125467
43340,"Shreveport-Bossier City, LA Metro Area",439811,439811,441193,445044,448373,446754,444758,443708
43420,"Sierra Vista-Douglas, AZ Metro Area",131346,131357,131809,132996,131888,129605,127321,126427
43580,"Sioux City, IA-NE-SD Metro Area",168563,168563,168832,168951,168821,168746,168857,169069
43620,"Sioux Falls, SD Metro Area",228261,228264,229203,232714,237701,243326,248062,251854
43780,"South Bend-Mishawaka, IN-MI Metro Area",319224,319215,318985,319157,318560,318719,319454,320098
43900,"Spartanburg, SC Metro Area",313268,313268,313682,314784,316696,318784,321483,325079
44060,"Spokane-Spokane Valley, WA Metro Area",527753,527753,528577,529908,532432,535666,540915,547824
44100,"Springfield, IL Metro Area",210170,210170,210504,211656,212019,211633,211669,211156
44140,"Springfield, MA Metro Area",621570,621705,623424,625994,626975,628380,630672,631982
44180,"Springfield, MO Metro Area",436712,436713,437409,440348,444643,448718,452188,456456
44220,"Springfield, OH Metro Area",138333,138333,138246,137760,137193,136740,136482,135959
44300,"State College, PA Metro Area",153990,153981,154253,154976,155839,158213,159506,160580
44420,"Staunton-Waynesboro, VA Metro Area",118502,118502,118349,118905,118669,119410,119772,120221
44700,"Stockton-Lodi, CA Metro Area",685306,685308,687442,695432,701464,704654,715114,726106
44940,"Sumter, SC Metro Area",107456,107463,107571,107355,108075,108035,107940,107480
45060,"Syracuse, NY Metro Area",662577,662589,663029,662819,661539,662999,661751,660458
45220,"Tallahassee, FL Metro Area",367413,368770,369416,371067,375409,373409,375645,377924
45300,"Tampa-St. Petersburg-Clearwater, FL Metro Area",2783243,2783514,2788715,2828490,2847270,2873489,2917813,2975225
45460,"Terre Haute, IN Metro Area",172425,172422,172300,172548,172586,172091,171381,171019
45500,"Texarkana, TX-AR Metro Area",149198,149195,149352,149385,149553,149564,149366,149769
45540,"The Villages, FL Metro Area",93420,93420,94279,98581,102781,108253,114000,118891
45780,"Toledo, OH Metro Area",610001,610001,610131,609380,608234,607801,606781,605956
45820,"Topeka, KS Metro Area",233870,233868,234279,234746,234513,233986,233798,233791
45940,"Trenton, NJ Metro Area",366513,367508,367959,367908,369171,370984,371601,371398
46060,"Tucson, AZ Metro Area",980263,980263,981870,988024,992973,997418,1004244,1010025
46140,"Tulsa, OK Metro Area",937478,937528,939978,946118,953210,962944,970107,981005
46220,"Tuscaloosa, AL Metro Area",230162,230159,230428,231361,233299,235296,237989,239908
46340,"Tyler, TX Metro Area",209714,209721,210470,212832,215088,216854,220050,222936
46520,"Urban Honolulu, HI Metro Area",953207,953207,956377,966581,976711,986802,992082,998714
46540,"Utica-Rome, NY Metro Area",299397,299376,299281,298890,298543,297941,296987,295600
46660,"Valdosta, GA Metro Area",139588,139665,140082,142469,144726,142959,143428,142875
46700,"Vallejo-Fairfield, CA Metro Area",413344,413344,414062,416754,420360,424770,430791,436092
47020,"Victoria, TX Metro Area",94003,94003,94083,94676,96629,97602,98724,99913
47220,"Vineland-Bridgeton, NJ Metro Area",156898,156898,157155,157570,157677,156977,157099,155854
47260,"Virginia Beach-Norfolk-Newport News, VA-NC Metro Area",1676822,1676817,1679972,1686832,1698144,1706680,1717853,1724876
47300,"Visalia-Porterville, CA Metro Area",442179,442182,443081,447615,451218,454208,457260,459863
47380,"Waco, TX Metro Area",252772,252772,253821,255696,257021,258784,260264,262813
47460,"Walla Walla, WA Metro Area",62859,62859,63031,63528,63429,63593,63745,64282
47580,"Warner Robins, GA Metro Area",179605,179605,180420,183634,185460,186454,187534,188149
47900,"Washington-Arlington-Alexandria, DC-VA-MD-WV Metro Area",5636232,5636406,5666536,5778317,5872677,5964439,6033891,6097684
4790043524,"Silver Spring-Frederick-Rockville, MD Metro Division",1205162,1205191,1210375,1230406,1246041,1260323,1273951,1285438
4790047894,"Washington-Arlington-Alexandria, DC-VA-MD-WV Metro Division",4431070,4431215,4456161,4547911,4626636,4704116,4759940,4812246
47940,"Waterloo-Cedar Falls, IA Metro Area",167819,167819,167919,168286,168624,169590,170096,170612
48060,"Watertown-Fort Drum, NY Metro Area",116229,116232,116570,118172,120772,119192,118964,117635
48140,"Wausau, WI Metro Area",134063,134063,134069,134500,134630,135266,135619,135868
48260,"Weirton-Steubenville, WV-OH Metro Area",124454,124455,124280,123339,122491,121940,121313,120512
48300,"Wenatchee, WA Metro Area",110884,110887,111294,112140,113049,113541,114420,116178
48540,"Wheeling, WV-OH Metro Area",147950,147949,147854,147098,146380,145798,144909,144198
48620,"Wichita, KS Metro Area",630919,630919,631907,633367,636319,638643,641480,644610
48660,"Wichita Falls, TX Metro Area",151306,151476,151649,150378,151085,151686,152144,150780
48700,"Williamsport, PA Metro Area",116111,116108,116204,116697,117314,116717,116503,116048
48900,"Wilmington, NC Metro Area",254884,254884,255648,259262,263091,268292,272671,277969
49020,"Winchester, VA-WV Metro Area",128472,128473,128694,130014,130981,132127,133291,133836
49180,"Winston-Salem, NC Metro Area",640595,640577,641399,644697,647636,651290,655195,659330
49340,"Worcester, MA-CT Metro Area",916980,916976,918934,922298,924255,928132,931802,935536
49420,"Yakima, WA Metro Area",243231,243231,244313,246326,246844,247342,247698,248830
49620,"York-Hanover, PA Metro Area",434972,434998,435539,436902,437833,439521,441177,442867
49660,"Youngstown-Warren-Boardman, OH-PA Metro Area",565773,565804,564878,562514,559062,556246,553510,549885
49700,"Yuba City, CA Metro Area",166892,166892,167159,167229,167425,168324,169487,170955
49740,"Yuma, AZ Metro Area",195751,195750,197069,202628,202375,202173,203483,204275
,In micropolitan statistical area,27154213,27153112,27169243,27195184,27215792,27218292,27233163,27260617
10100,"Aberdeen, SD Micro Area",40602,40602,40723,41044,41638,42345,42581,42784
10140,"Aberdeen, WA Micro Area",72797,72797,72857,72345,71742,71049,70836,71122
10220,"Ada, OK Micro Area",37492,37492,37600,37719,38036,38153,38174,38194
10300,"Adrian, MI Micro Area",99892,99892,99638,99332,99018,98806,98780,98573
10460,"Alamogordo, NM Micro Area",63797,63799,64354,65493,66002,65766,64966,64362
10620,"Albemarle, NC Micro Area",60585,60585,60553,60471,60496,60619,60629,60714
10660,"Albert Lea, MN Micro Area",31255,31255,31210,31093,31042,30946,30789,30613
10700,"Albertville, AL Micro Area",93019,93019,93146,93906,94228,94377,94356,94725
10820,"Alexandria, MN Micro Area",36009,36009,35997,36248,36435,36545,36798,37075
10860,"Alice, TX Micro Area",40838,40838,40892,41205,41660,41682,41378,41382
10940,"Alma, MI Micro Area",42476,42476,42425,42151,42035,42033,41633,41540
10980,"Alpena, MI Micro Area",29598,29598,29539,29342,29219,29026,28952,28803
11060,"Altus, OK Micro Area",26446,26446,26467,26406,26245,26173,25881,25574
11140,"Americus, GA Micro Area",37829,37827,37732,37124,36634,36436,36376,35947
11220,"Amsterdam, NY Micro Area",50219,50257,50284,49924,49827,49771,49729,49642
11380,"Andrews, TX Micro Area",14786,14786,14835,15393,16121,16800,17457,18105
11420,"Angola, IN Micro Area",34185,34183,34137,34064,34164,34328,34406,34372
11580,"Arcadia, FL Micro Area",34862,34862,34921,34671,34808,34692,35157,35458
11620,"Ardmore, OK Micro Area",47557,47726,47789,48074,48098,48593,48756,48689
11660,"Arkadelphia, AR Micro Area",22995,22995,22947,22944,22811,22666,22699,22633
11680,"Arkansas City-Winfield, KS Micro Area",36311,36311,36301,36237,36264,36185,35920,35788
11740,"Ashland, OH Micro Area",53139,53139,53320,53285,53238,53122,53085,53213
11780,"Ashtabula, OH Micro Area",101497,101497,101400,101099,100268,99750,99138,98632
11820,"Astoria, OR Micro Area",37039,37037,37086,37210,37353,37091,37425,37831
11860,"Atchison, KS Micro Area",16924,16924,16869,16779,16793,16703,16491,16398
11900,"Athens, OH Micro Area",64757,64773,65223,65112,64641,64511,64722,65886
11940,"Athens, TN Micro Area",52266,52266,52185,52358,52447,52401,52684,52639
11980,"Athens, TX Micro Area",78532,78536,78656,78688,78953,78635,79259,79545
12140,"Auburn, IN Micro Area",42223,42223,42293,42457,42303,42387,42508,42589
12180,"Auburn, NY Micro Area",80026,80020,79858,79831,79653,79255,78836,78288
12300,"Augusta-Waterville, ME Micro Area",122151,122151,122104,121785,121657,121114,121026,119980
12380,"Austin, MN Micro Area",39163,39163,39191,39282,39312,39208,39218,39116
12460,"Bainbridge, GA Micro Area",27842,27842,27808,27652,27455,27369,27239,27174
12660,"Baraboo, WI Micro Area",61976,61976,62031,62412,62527,63019,63360,63642
12680,"Bardstown, KY Micro Area",43437,43437,43608,44023,44370,44500,44800,45126
12740,"Barre, VT Micro Area",59534,59526,59570,59556,59358,59195,58940,58612
12780,"Bartlesville, OK Micro Area",50976,50977,51064,51522,51721,51569,51967,52021
12820,"Bastrop, LA Micro Area",27979,27979,27895,27490,27433,26996,26744,26395
12860,"Batavia, NY Micro Area",60079,60033,60029,60004,59865,59387,59099,58937
12900,"Batesville, AR Micro Area",36647,36647,36806,36831,36937,36879,37061,37052
13060,"Bay City, TX Micro Area",36702,36702,36705,36699,36554,36500,36469,36770
13100,"Beatrice, NE Micro Area",22311,22311,22294,21955,21746,21827,21662,21900
13180,"Beaver Dam, WI Micro Area",88759,88761,88661,88725,88560,88376,88570,88502
13260,"Bedford, IN Micro Area",46134,46129,46124,46079,46036,45845,45615,45495
13300,"Beeville, TX Micro Area",31861,31861,31886,32309,32440,32759,32911,32874
13340,"Bellefontaine, OH Micro Area",45858,45858,45770,45616,45447,45462,45509,45386
13420,"Bemidji, MN Micro Area",44442,44442,44579,45098,45229,45550,45623,45672
13500,"Bennettsville, SC Micro Area",28933,28933,28896,28479,28154,27951,27889,27494
13540,"Bennington, VT Micro Area",37125,37125,37105,36833,36684,36698,36412,36317
13620,"Berlin, NH-VT Micro Area",39361,39358,39282,38806,38218,38163,37823,37375
13660,"Big Rapids, MI Micro Area",42798,42798,42844,43442,43519,43270,43207,43067
13700,"Big Spring, TX Micro Area",36238,36238,36240,36242,36781,37481,37842,38521
13720,"Big Stone Gap, VA Micro Area",61313,61319,61455,61205,60605,60137,59281,58772
13940,"Blackfoot, ID Micro Area",45607,45607,45767,45912,45523,45404,45204,44990
14140,"Bluefield, WV-VA Micro Area",107342,107345,107457,107112,106605,105920,105103,104063
14180,"Blytheville, AR Micro Area",46480,46480,46389,46039,45550,44711,44282,43738
14220,"Bogalusa, LA Micro Area",47168,47171,47099,47138,46636,46349,46287,46371
14340,"Boone, IA Micro Area",26306,26306,26279,26340,26239,26363,26420,26643
14380,"Boone, NC Micro Area",51079,51079,50981,51563,52050,52293,52388,52906
14420,"Borger, TX Micro Area",22150,22249,22204,21973,21954,21812,21815,21734
14580,"Bozeman, MT Micro Area",89513,89513,89626,91353,92600,94647,97276,100739
14620,"Bradford, PA Micro Area",43450,43450,43360,43199,43245,42855,42708,42412
14660,"Brainerd, MN Micro Area",91067,91067,91275,91050,91273,91596,91779,92134
14700,"Branson, MO Micro Area",83877,83880,83983,84507,84619,84751,85239,85535
14720,"Breckenridge, CO Micro Area",27994,27994,28065,27965,28245,28783,29451,30257
14780,"Brenham, TX Micro Area",33718,33708,33726,33962,33880,34160,34413,34765
14820,"Brevard, NC Micro Area",33090,33090,33065,32798,32815,32827,32991,33211
15020,"Brookhaven, MS Micro Area",34869,34869,34878,34842,34834,34732,34766,34649
15060,"Brookings, OR Micro Area",22364,22364,22372,22453,22237,22254,22265,22483
15100,"Brookings, SD Micro Area",31965,31965,32017,32131,32703,33106,33394,33897
15220,"Brownwood, TX Micro Area",38106,38106,38117,38016,37865,37764,37625,37896
15340,"Bucyrus, OH Micro Area",43784,43784,43769,43297,42827,42754,42439,42306
15420,"Burley, ID Micro Area",43021,43021,43170,43362,43408,43663,43843,43967
15460,"Burlington, IA-IL Micro Area",47656,47653,47587,47312,47310,47376,47205,47050
15580,"Butte-Silver Bow, MT Micro Area",34200,34209,34230,34374,34484,34536,34730,34622
15620,"Cadillac, MI Micro Area",47584,47584,47571,47634,47628,47618,47910,47906
15660,"Calhoun, GA Micro Area",55186,55186,55207,55490,55703,55763,55917,56574
15700,"Cambridge, MD Micro Area",32618,32618,32656,32694,32479,32587,32527,32384
15740,"Cambridge, OH Micro Area",40087,40087,40136,39857,39826,39608,39582,39258
15780,"Camden, AR Micro Area",31488,31489,31414,31004,30699,30174,29977,29587
15820,"Campbellsville, KY Micro Area",24512,24512,24561,24730,24803,24894,25120,25420
15860,"Cañon City, CO Micro Area",46824,46824,46857,47420,47111,46441,46381,46692
15900,"Canton, IL Micro Area",37069,37069,37053,36945,36621,36383,35965,35699
16100,"Carlsbad-Artesia, NM Micro Area",53829,53829,53907,54047,54419,55577,56583,57578
16260,"Cedar City, UT Micro Area",46163,46163,46267,46659,46730,46681,47259,48368
16340,"Cedartown, GA Micro Area",41475,41475,41536,41280,41113,41117,41042,41524
16380,"Celina, OH Micro Area",40814,40814,40782,40809,40841,40772,40926,40968
16460,"Centralia, IL Micro Area",39437,39437,39447,39004,38913,38588,38483,38339
16500,"Centralia, WA Micro Area",75455,75455,75516,75701,75591,75178,75224,75882
16660,"Charleston-Mattoon, IL Micro Area",64921,64921,64942,64683,64272,63925,63603,63419
17060,"Chillicothe, OH Micro Area",78064,78064,78101,77605,77453,77325,77115,77170
17200,"Claremont-Lebanon, NH-VT Micro Area",218466,218458,218428,218199,217647,217496,217510,216923
17220,"Clarksburg, WV Micro Area",94196,94196,94346,94393,94373,94267,94049,93802
17260,"Clarksdale, MS Micro Area",26151,26145,26121,25864,25681,25195,24909,24620
17340,"Clearlake, CA Micro Area",64665,64665,64744,64264,63974,63803,64156,64591
17380,"Cleveland, MS Micro Area",34145,34148,34091,33810,34033,34014,33835,33322
17500,"Clewiston, FL Micro Area",39140,39140,39040,38820,37671,37730,38476,39119
17540,"Clinton, IA Micro Area",49116,49116,49111,49110,48719,48299,47929,47768
17580,"Clovis, NM Micro Area",48376,48376,48959,49688,50713,50631,51055,50398
17700,"Coffeyville, KS Micro Area",35471,35471,35382,34772,34469,34389,33977,33314
17740,"Coldwater, MI Micro Area",45248,45248,45172,43897,43770,43531,43668,43664
18060,"Columbus, MS Micro Area",59779,59779,59800,59567,59623,59843,59750,59710
18100,"Columbus, NE Micro Area",32237,32237,32298,32461,32615,32555,32734,32847
18180,"Concord, NH Micro Area",146445,146442,146430,146752,146987,147116,147461,147994
18220,"Connersville, IN Micro Area",24277,24302,24333,24157,23957,23853,23466,23434
18260,"Cookeville, TN Micro Area",106042,106059,106269,106572,107048,107296,107926,108191
18300,"Coos Bay, OR Micro Area",63043,63043,63016,62814,62759,62557,62623,63121
18380,"Cordele, GA Micro Area",23439,23439,23404,23790,23670,23242,22988,22881
18420,"Corinth, MS Micro Area",37057,37057,37108,37302,37233,37324,37346,37388
18460,"Cornelia, GA Micro Area",43041,43041,43080,43107,43479,43300,43753,43996
18500,"Corning, NY Micro Area",98990,98994,98991,99286,99094,98987,98326,97631
18620,"Corsicana, TX Micro Area",47735,47831,47852,48085,48087,48060,48034,48323
18660,"Cortland, NY Micro Area",49336,49306,49265,49527,49187,49078,48929,48494
18740,"Coshocton, OH Micro Area",36901,36901,36928,36919,36821,36745,36568,36569
18780,"Craig, CO Micro Area",13795,13795,13812,13427,13174,13116,12932,12937
18820,"Crawfordsville, IN Micro Area",38124,38126,38087,38321,38168,38086,38060,38227
18860,"Crescent City, CA Micro Area",28610,28610,28566,28468,28201,27821,27194,27254
18900,"Crossville, TN Micro Area",56053,56050,56198,56604,57048,57478,57915,58229
18980,"Cullman, AL Micro Area",80406,80410,80473,80469,80374,80756,81221,82005
19000,"Cullowhee, NC Micro Area",40271,40271,40345,40204,40565,41030,40998,41265
19220,"Danville, KY Micro Area",53174,53174,53387,53458,53386,54043,54272,54272
19260,"Danville, VA Micro Area",106561,106563,106525,105984,105746,105389,104826,104276
19420,"Dayton, TN Micro Area",31809,31809,31865,32005,32290,32498,32652,32526
19540,"Decatur, IN Micro Area",34387,34387,34455,34374,34429,34671,34756,34980
19580,"Defiance, OH Micro Area",39037,39035,39112,39036,38832,38573,38551,38352
19620,"Del Rio, TX Micro Area",48879,48879,49011,49000,48939,49056,48916,48988
19700,"Deming, NM Micro Area",25095,25095,25109,25141,24997,24703,24586,24518
19760,"DeRidder, LA Micro Area",35654,35654,35846,36073,36292,36247,36220,36462
19860,"Dickinson, ND Micro Area",24199,24199,24352,25165,26931,28399,30490,32154
19940,"Dixon, IL Micro Area",36031,36031,35930,35531,35113,35019,34886,34584
19980,"Dodge City, KS Micro Area",33848,33848,34040,34427,34787,34954,34865,34536
20060,"Douglas, GA Micro Area",42356,42356,42723,42955,43081,43078,42793,43108
20140,"Dublin, GA Micro Area",58414,58418,58384,57946,57878,57708,57484,57387
20180,"DuBois, PA Micro Area",81642,81644,81582,81521,81497,81575,81126,80994
20300,"Dumas, TX Micro Area",21904,21904,22001,22114,22449,22293,22293,22255
20340,"Duncan, OK Micro Area",45048,45048,45105,45127,44864,44959,44501,44581
20380,"Dunn, NC Micro Area",114678,114678,115728,119189,122237,125168,126865,128140
20420,"Durango, CO Micro Area",51334,51334,51371,51786,52307,53277,53850,54688
20460,"Durant, OK Micro Area",42416,42416,42627,43136,43441,44151,44403,44884
20540,"Dyersburg, TN Micro Area",38335,38337,38321,38142,38237,38132,37868,37893
20580,"Eagle Pass, TX Micro Area",54258,54258,54487,55347,55853,56644,57188,57706
20660,"Easton, MD Micro Area",37782,37782,37886,37968,38053,37900,37560,37512
20780,"Edwards, CO Micro Area",52197,52197,52085,51772,51991,52484,53026,53605
20820,"Effingham, IL Micro Area",34242,34242,34224,34286,34362,34319,34321,34371
20900,"El Campo, TX Micro Area",41280,41280,41312,41248,41151,41239,41197,41486
20980,"El Dorado, AR Micro Area",41639,41639,41556,41358,40868,40620,40175,40144
21020,"Elizabeth City, NC Micro Area",64094,64094,64187,63879,64085,63465,63376,63578
21120,"Elk City, OK Micro Area",22119,22119,22055,22326,23128,23545,23733,23768
21180,"Elkins, WV Micro Area",29405,29405,29369,29432,29419,29555,29294,29126
21220,"Elko, NV Micro Area",50805,50929,51069,51504,53098,54571,54720,53951
21260,"Ellensburg, WA Micro Area",40915,40909,41014,41578,41622,41892,42661,43269
21380,"Emporia, KS Micro Area",33690,33690,33642,33650,33542,33538,33243,33339
21420,"Enid, OK Micro Area",60580,60580,60758,60706,61303,62407,62977,63569
21460,"Enterprise, AL Micro Area",49948,49948,50177,50448,51173,50755,50831,51211
21540,"Escanaba, MI Micro Area",37069,37069,37070,36944,36848,36838,36552,36377
21580,"Española, NM Micro Area",40246,40247,40307,40322,40246,40027,39686,39465
21700,"Eureka-Arcata-Fortuna, CA Micro Area",134623,134623,135026,135267,134703,134640,134831,135727
21740,"Evanston, WY Micro Area",21118,21118,21102,20912,20989,21022,20903,20822
21840,"Fairfield, IA Micro Area",16843,16843,16825,17043,17148,17359,17486,17555
21900,"Fairmont, WV Micro Area",56418,56418,56514,56620,56777,56769,56859,56925
21980,"Fallon, NV Micro Area",24877,24877,24804,24601,24340,24075,24046,24200
22060,"Faribault-Northfield, MN Micro Area",64142,64144,64243,64516,64557,64813,65143,65400
22100,"Farmington, MO Micro Area",65359,65365,65542,65559,65841,66181,65948,66520
22260,"Fergus Falls, MN Micro Area",57303,57303,57282,57332,57305,57579,57622,57716
22280,"Fernley, NV Micro Area",51980,51980,52070,51463,51115,51355,51766,52585
22300,"Findlay, OH Micro Area",74782,74782,74680,75056,75597,75653,75263,75573
22340,"Fitzgerald, GA Micro Area",17634,17634,17633,17590,17532,17445,17417,17403
22580,"Forest City, NC Micro Area",67810,67809,67746,67368,67203,66825,66537,66390
22620,"Forrest City, AR Micro Area",28258,28258,28182,27961,27898,27300,26977,26589
22700,"Fort Dodge, IA Micro Area",38013,38013,37876,37733,37305,37312,37053,37071
22780,"Fort Leonard Wood, MO Micro Area",52274,52274,52845,53268,53401,53791,53535,53221
22800,"Fort Madison-Keokuk, IA-IL-MO Micro Area",62105,62095,62048,61651,61477,60855,60717,60433
22820,"Fort Morgan, CO Micro Area",28159,28159,28172,28514,28344,28332,28246,28360
22860,"Fort Polk South, LA Micro Area",52334,52334,52742,52312,54162,52886,52217,50803
23140,"Frankfort, IN Micro Area",33224,33219,33203,33035,32944,32913,32672,32609
23180,"Frankfort, KY Micro Area",70706,70706,70762,70929,71194,71343,71878,72354
23240,"Fredericksburg, TX Micro Area",24837,24837,24876,25029,25159,25330,25509,25963
23300,"Freeport, IL Micro Area",47711,47711,47656,47365,46939,46719,46352,45749
23340,"Fremont, NE Micro Area",36691,36685,36661,36946,36645,36605,36725,36706
23380,"Fremont, OH Micro Area",60944,60944,60874,60605,60519,60127,60004,59679
23500,"Gaffney, SC Micro Area",55342,55467,55529,55604,55692,55786,56039,56194
23620,"Gainesville, TX Micro Area",38437,38437,38456,38403,38790,38553,38828,39229
23660,"Galesburg, IL Micro Area",52919,52919,52930,52691,52295,52154,51977,51441
23700,"Gallup, NM Micro Area",71492,71491,71753,73497,72709,73230,73846,76708
23780,"Garden City, KS Micro Area",40753,40753,40947,41104,41131,41032,41088,41074
23820,"Gardnerville Ranchos, NV Micro Area",46997,46997,47026,47021,46986,47057,47519,47710
23860,"Georgetown, SC Micro Area",60158,60158,60135,60155,60234,60444,60727,61298
23940,"Gillette, WY Micro Area",46133,46133,46244,46600,47881,48121,48243,49220
23980,"Glasgow, KY Micro Area",52272,52272,52242,52439,52623,52944,53065,53479
24060,"Glenwood Springs, CO Micro Area",73537,73537,73250,73132,73995,74426,75042,75882
24100,"Gloversville, NY Micro Area",55531,55524,55468,55273,55045,54546,54173,53992
24380,"Grants, NM Micro Area",27213,27213,27313,27520,27329,27451,27282,27329
24460,"Great Bend, KS Micro Area",27674,27674,27682,27684,27526,27426,27258,27103
24620,"Greeneville, TN Micro Area",68831,68831,68834,68981,68643,68265,68413,68580
24640,"Greenfield Town, MA Micro Area",71372,71372,71310,71606,71506,71080,70927,70601
24700,"Greensburg, IN Micro Area",25740,25740,25791,25886,26058,26224,26511,26521
24740,"Greenville, MS Micro Area",51137,51135,51076,50439,50068,49721,49135,48130
24820,"Greenville, OH Micro Area",52959,52959,52962,52671,52498,52322,52215,52076
24900,"Greenwood, MS Micro Area",42914,42914,42915,42413,41953,41882,41781,41242
24940,"Greenwood, SC Micro Area",95078,95077,95069,94925,94952,94727,94470,94770
24980,"Grenada, MS Micro Area",21906,21906,21855,21577,21602,21540,21656,21578
25100,"Guymon, OK Micro Area",20640,20640,20800,21190,21501,22004,21757,21489
25200,"Hailey, ID Micro Area",27701,27701,27628,27331,27456,27647,27785,27955
25300,"Hannibal, MO Micro Area",38948,38948,38977,39090,39063,39031,39155,39076
25460,"Harrison, AR Micro Area",45233,45233,45226,45322,45414,45463,45062,45135
25580,"Hastings, NE Micro Area",31364,31364,31338,31233,31388,31582,31419,31587
25700,"Hays, KS Micro Area",28452,28452,28444,28774,29100,29055,29006,29029
25720,"Heber, UT Micro Area",23530,23525,23639,24404,25371,26584,27785,29161
25740,"Helena, MT Micro Area",74801,74798,74998,75691,76239,76843,77456,78063
25760,"Helena-West Helena, AR Micro Area",21757,21757,21668,21401,20753,20388,19901,19513
25780,"Henderson, NC Micro Area",45422,45419,45302,45242,45053,44697,44587,44568
25820,"Hereford, TX Micro Area",19372,19372,19446,19486,19373,19213,19201,18952
25840,"Hermiston-Pendleton, OR Micro Area",87062,87062,87285,87920,88177,88088,87804,87721
25880,"Hillsdale, MI Micro Area",46688,46688,46619,46622,46283,46129,45917,45941
25900,"Hilo, HI Micro Area",185079,185079,185326,186961,188780,191224,194016,196428
26020,"Hobbs, NM Micro Area",64727,64727,64625,65077,66258,68298,69930,71180
26090,"Holland, MI Micro Area",111408,111408,111502,111530,111898,112391,113743,114625
26220,"Hood River, OR Micro Area",22346,22346,22442,22431,22619,22702,22854,23137
26340,"Houghton, MI Micro Area",38784,38784,38859,39125,39033,38883,38701,38548
26460,"Hudson, NY Micro Area",63096,63096,63020,62640,62551,62298,61979,61509
26500,"Huntingdon, PA Micro Area",45913,46027,46013,46130,46038,45901,45791,45668
26540,"Huntington, IN Micro Area",37124,37124,37116,37187,36993,36818,36686,36630
26660,"Huntsville, TX Micro Area",82446,82536,82923,82970,82816,83750,84039,85101
26700,"Huron, SD Micro Area",17398,17398,17421,17742,18038,18383,18304,18372
26740,"Hutchinson, KS Micro Area",64511,64511,64567,64409,64232,64150,63781,63718
26780,"Hutchinson, MN Micro Area",36651,36651,36605,36410,36016,35980,35891,35932
26860,"Indiana, PA Micro Area",88880,88893,88850,88565,88229,88227,87487,86966
26940,"Indianola, MS Micro Area",29450,29450,29014,28569,28468,28003,27509,27005
26960,"Ionia, MI Micro Area",63905,63905,63865,63865,63911,64021,64299,64223
27020,"Iron Mountain, MI-WI Micro Area",30591,30591,30542,30565,30681,30539,30408,30252
27160,"Jackson, OH Micro Area",33225,33225,33273,33149,32905,32834,32784,32596
27220,"Jackson, WY-ID Micro Area",31464,31464,31454,31664,31786,32632,33212,33689
27300,"Jacksonville, IL Micro Area",40902,40906,40854,40746,40650,40230,40090,39920
27380,"Jacksonville, TX Micro Area",50845,50836,50915,51020,51218,51005,51052,51542
27420,"Jamestown, ND Micro Area",21100,21100,21125,21000,20978,21124,21174,21103
27460,"Jamestown-Dunkirk-Fredonia, NY Micro Area",134905,134894,134750,134264,133424,132991,131773,130779
27540,"Jasper, IN Micro Area",54734,54733,54756,54956,54877,54995,55005,55055
27600,"Jefferson, GA Micro Area",60485,60485,60749,60522,60456,60916,61848,63360
27700,"Jesup, GA Micro Area",30099,30099,30092,30337,30356,30053,29950,29534
27920,"Junction City, KS Micro Area",34362,34362,35285,35301,37949,36935,36722,37030
27940,"Juneau, AK Micro Area",31275,31275,31388,32186,32443,32645,32625,32756
28060,"Kalispell, MT Micro Area",90928,90928,90868,91184,91616,92973,94726,96165
28180,"Kapaa, HI Micro Area",67091,67090,67209,67794,68551,69703,70672,71735
28260,"Kearney, NE Micro Area",52591,52591,52662,53390,54170,54591,54936,55448
28300,"Keene, NH Micro Area",77117,77117,76938,76807,76763,76476,76193,75909
28340,"Kendallville, IN Micro Area",47536,47536,47476,47466,47434,47501,47595,47733
28380,"Kennett, MO Micro Area",31953,31953,31945,32021,31861,31676,31356,30895
28500,"Kerrville, TX Micro Area",49625,49625,49648,49627,49771,49879,50512,50955
28540,"Ketchikan, AK Micro Area",13477,13479,13525,13635,13699,13673,13781,13709
28580,"Key West, FL Micro Area",73090,73090,73213,74067,74835,76265,76858,77482
28620,"Kill Devil Hills, NC Micro Area",38327,38327,38399,38531,38600,39012,39201,39733
28780,"Kingsville, TX Micro Area",32477,32477,32476,32497,32570,32527,32411,32264
28820,"Kinston, NC Micro Area",59495,59495,59450,59425,59142,58840,58399,58106
28860,"Kirksville, MO Micro Area",30038,30038,30055,29986,30037,30019,29921,29814
28900,"Klamath Falls, OR Micro Area",66380,66380,66332,66345,66090,65887,65520,66016
29060,"Laconia, NH Micro Area",60088,60092,60118,60281,60422,60221,60428,60641
29260,"La Grande, OR Micro Area",25748,25744,25742,25887,25819,25539,25688,25790
29300,"LaGrange, GA Micro Area",67044,67044,67087,67710,68417,68957,69489,69763
29380,"Lake City, FL Micro Area",67531,67532,67571,67307,67911,67542,67923,68348
29500,"Lamesa, TX Micro Area",13833,13833,13835,13788,13648,13250,13505,13520
29660,"Laramie, WY Micro Area",36299,36299,36428,36908,37396,37647,37918,37956
29780,"Las Vegas, NM Micro Area",29393,29393,29401,29342,29028,28700,28303,27967
29860,"Laurel, MS Micro Area",84823,84823,84804,84632,84823,85291,84781,84784
29900,"Laurinburg, NC Micro Area",36157,36157,36081,36317,36139,35978,35715,35509
29980,"Lawrenceburg, TN Micro Area",41869,41869,42005,42073,42154,42017,42323,42564
30060,"Lebanon, MO Micro Area",35571,35571,35657,35583,35413,35630,35471,35473
30220,"Levelland, TX Micro Area",22935,22935,22858,22974,23120,23486,23599,23433
30260,"Lewisburg, PA Micro Area",44947,44949,44973,45061,45135,44730,44908,44954
30280,"Lewisburg, TN Micro Area",30617,30617,30686,30904,30940,31100,31301,31552
30380,"Lewistown, PA Micro Area",46682,46683,46655,46791,46837,46714,46535,46500
30420,"Lexington, NE Micro Area",26370,26370,26379,26245,26089,26051,25985,25859
30580,"Liberal, KS Micro Area",22952,22952,22982,23197,23394,23333,23296,23152
30660,"Lincoln, IL Micro Area",30305,30305,30274,30307,30381,29876,29720,29494
30820,"Lock Haven, PA Micro Area",39238,39241,39245,39529,39748,39839,39511,39441
30880,"Logan, WV Micro Area",36743,36745,36727,36456,36340,35985,35310,34707
30900,"Logansport, IN Micro Area",38966,38966,38974,38879,38697,38491,38336,37979
30940,"London, KY Micro Area",126369,126369,126594,127073,126877,127320,127547,127953
31060,"Los Alamos, NM Micro Area",17950,17950,18012,18178,18168,17848,17718,17785
31220,"Ludington, MI Micro Area",28705,28705,28730,28651,28677,28659,28786,28783
31260,"Lufkin, TX Micro Area",86771,86771,86917,87325,87623,87661,87875,88255
31300,"Lumberton, NC Micro Area",134168,134168,134381,135029,135362,135033,134732,134197
31380,"Macomb, IL Micro Area",32612,32612,32607,32478,32500,32142,31591,31333
31500,"Madison, IN Micro Area",32428,32428,32423,32302,32518,32501,32529,32416
31580,"Madisonville, KY Micro Area",46920,46920,46863,46870,46679,46517,46304,46222
31620,"Magnolia, AR Micro Area",24552,24552,24747,24685,24427,24305,24102,24114
31660,"Malone, NY Micro Area",51599,51606,51628,51572,51787,51249,51133,50660
31680,"Malvern, AR Micro Area",32923,32923,33128,33033,33373,33413,33333,33426
31820,"Manitowoc, WI Micro Area",81442,81442,81302,81166,80847,80624,80161,79806
31930,"Marietta, OH Micro Area",61778,61778,61708,61560,61509,61403,61172,61112
31940,"Marinette, WI-MI Micro Area",65778,65778,65660,65354,65204,65192,64837,64432
31980,"Marion, IN Micro Area",70061,70063,69935,69609,69228,69031,68631,67979
32000,"Marion, NC Micro Area",44996,44996,45071,44957,44969,44936,44954,44989
32020,"Marion, OH Micro Area",66501,66501,66452,66543,66236,65908,65674,65355
32100,"Marquette, MI Micro Area",67077,67077,67110,67452,67813,67757,67675,67215
32140,"Marshall, MN Micro Area",25857,25857,25859,25795,25723,25593,25713,25673
32180,"Marshall, MO Micro Area",23370,23370,23403,23330,23472,23249,23360,23258
32220,"Marshall, TX Micro Area",65631,65629,65704,66352,66300,66214,66471,66746
32260,"Marshalltown, IA Micro Area",40648,40648,40694,40993,41092,41085,40896,40746
32280,"Martin, TN Micro Area",35021,35021,35031,34912,34780,34283,34142,33960
32300,"Martinsville, VA Micro Area",67972,67964,67845,67040,66537,66214,65705,65526
32340,"Maryville, MO Micro Area",23370,23370,23377,23431,23375,23225,23090,22810
32380,"Mason City, IA Micro Area",51749,51749,51697,51552,51237,51028,50819,50586
32460,"Mayfield, KY Micro Area",37121,37121,37222,37518,37534,37384,37654,37421
32500,"Maysville, KY Micro Area",17490,17490,17499,17534,17447,17282,17120,17099
32540,"McAlester, OK Micro Area",45837,45837,45762,45628,45107,44842,44619,44610
32620,"McComb, MS Micro Area",53535,53535,53551,53581,53047,52848,52573,52530
32660,"McMinnville, TN Micro Area",39839,39840,39864,39899,39775,39930,40038,40435
32700,"McPherson, KS Micro Area",29180,29180,29141,29216,29353,29590,29161,28941
32740,"Meadville, PA Micro Area",88765,88765,88690,88105,87668,87401,87057,86484
32860,"Menomonie, WI Micro Area",43857,43857,43883,43880,43934,44186,44300,44497
32940,"Meridian, MS Micro Area",107449,107454,107576,107531,107139,106966,105895,104499
32980,"Merrill, WI Micro Area",28743,28743,28763,28455,28485,28358,28152,27980
33020,"Mexico, MO Micro Area",25529,25529,25460,25604,25626,25654,25935,26096
33060,"Miami, OK Micro Area",31848,31848,31840,31901,32219,32241,32083,31981
33180,"Middlesborough, KY Micro Area",28691,28691,28710,28634,28154,27912,27713,27337
33300,"Milledgeville, GA Micro Area",55149,55237,55122,54475,55500,55051,54341,54010
33420,"Mineral Wells, TX Micro Area",28111,28111,28060,28084,27820,27832,27976,27895
33500,"Minot, ND Micro Area",69540,69540,69986,72321,73865,76501,78069,79814
33580,"Mitchell, SD Micro Area",22835,22835,22839,22980,23166,23214,23260,23243
33620,"Moberly, MO Micro Area",25414,25414,25441,25259,25309,24938,25065,25104
33940,"Montrose, CO Micro Area",41276,41278,41194,40905,40705,40685,40832,40946
33980,"Morehead City, NC Micro Area",66469,66469,66697,67356,67729,68447,68730,68879
34020,"Morgan City, LA Micro Area",54650,54650,54541,54123,53530,53517,53223,52810
34140,"Moscow, ID Micro Area",37244,37244,37278,37887,38179,38267,38585,38778
34180,"Moses Lake, WA Micro Area",89120,89120,89627,90756,91589,91906,92838,93259
34220,"Moultrie, GA Micro Area",45498,45498,45641,45811,46107,46307,46051,45844
34260,"Mountain Home, AR Micro Area",41513,41513,41538,41273,41066,40965,40842,41053
34300,"Mountain Home, ID Micro Area",27038,27038,27118,26217,26272,26248,26262,25876
34340,"Mount Airy, NC Micro Area",73673,73673,73693,73608,73524,72993,72980,72743
34380,"Mount Pleasant, MI Micro Area",70311,70311,70312,70656,70631,70542,70820,70698
34420,"Mount Pleasant, TX Micro Area",32334,32334,32401,32434,32631,32590,32487,32623
34460,"Mount Sterling, KY Micro Area",44396,44396,44522,44866,44986,45566,45834,46194
34500,"Mount Vernon, IL Micro Area",38827,38825,38763,38764,38668,38659,38446,38353
34540,"Mount Vernon, OH Micro Area",60921,60930,61086,61307,60805,60834,61013,61061
34660,"Murray, KY Micro Area",37191,37191,37365,37676,38034,38258,38221,38343
34700,"Muscatine, IA Micro Area",42745,42749,42735,42777,42900,42939,42939,43011
34780,"Muskogee, OK Micro Area",70990,70988,71101,70726,70536,70245,69913,69699
34860,"Nacogdoches, TX Micro Area",64524,64524,64667,65652,65863,65198,65271,65664
35020,"Natchez, MS-LA Micro Area",53119,53119,53391,53233,52610,52570,52333,51396
35060,"Natchitoches, LA Micro Area",39566,39566,39526,39538,39476,39213,39242,39179
35140,"Newberry, SC Micro Area",37508,37508,37580,37518,37580,37535,37807,38012
35220,"New Castle, IN Micro Area",49462,49462,49488,49360,49262,49051,49072,48985
35260,"New Castle, PA Micro Area",91108,91140,90973,90326,89736,89150,88514,88082
35420,"New Philadelphia-Dover, OH Micro Area",92582,92582,92555,92518,92501,92778,92774,92916
35440,"Newport, OR Micro Area",46034,46032,45990,45854,46166,46291,46386,47038
35460,"Newport, TN Micro Area",35662,35662,35660,35385,35463,35309,35285,35162
35500,"Newton, IA Micro Area",36842,36842,36816,36638,36552,36747,36866,36827
35580,"New Ulm, MN Micro Area",25893,25893,25856,25663,25408,25280,25290,25313
35700,"Nogales, AZ Micro Area",47420,47420,47410,47657,47464,47120,46661,46461
35740,"Norfolk, NE Micro Area",48271,48271,48323,48377,48387,48484,48446,48184
35820,"North Platte, NE Micro Area",37590,37590,37569,37368,37285,37324,36976,36908
35860,"North Vernon, IN Micro Area",28525,28525,28475,28204,28189,28281,27996,27897
35900,"North Wilkesboro, NC Micro Area",69340,69340,69231,69195,69225,69007,68802,68502
35940,"Norwalk, OH Micro Area",59626,59626,59578,59408,59262,58860,58685,58469
36020,"Oak Harbor, WA Micro Area",78506,78506,78712,78992,79252,78575,79235,80593
36300,"Ogdensburg-Massena, NY Micro Area",111944,111941,111822,112477,112595,112222,111753,111007
36340,"Oil City, PA Micro Area",54984,54983,54964,54724,54250,53933,53503,53119
36380,"Okeechobee, FL Micro Area",39996,39996,40027,39424,39260,39006,39114,39469
36460,"Olean, NY Micro Area",80317,80354,80260,79851,79383,79016,78638,77922
36580,"Oneonta, NY Micro Area",62259,62249,62203,61985,61826,61599,60948,60636
36620,"Ontario, OR-ID Micro Area",53936,53935,53985,53338,53281,53187,53169,53276
36660,"Opelousas, LA Micro Area",83384,83384,83492,83419,83476,83517,83803,83848
36700,"Orangeburg, SC Micro Area",92501,92495,92291,91721,91401,90619,89924,89208
36820,"Oskaloosa, IA Micro Area",22381,22381,22401,22506,22411,22395,22342,22324
36830,"Othello, WA Micro Area",18728,18728,18810,18883,18962,19114,19194,19254
36840,"Ottawa, KS Micro Area",25992,25996,26011,25891,25874,25778,25614,25609
36860,"Ottawa-Peru, IL Micro Area",154908,154906,154755,154306,153357,152651,151702,150564
36900,"Ottumwa, IA Micro Area",44378,44378,44416,44189,44045,44120,43992,43942
36940,"Owatonna, MN Micro Area",36576,36576,36507,36554,36302,36402,36600,36755
37020,"Owosso, MI Micro Area",70648,70648,70602,69946,69269,68842,68889,68619
37060,"Oxford, MS Micro Area",47351,47359,47561,48417,50377,51676,52220,53154
37080,"Oxford, NC Micro Area",59916,57532,57652,57673,57782,58061,58357,58674
37120,"Ozark, AL Micro Area",50251,50251,50358,50109,50324,49833,49501,49565
37140,"Paducah, KY-IL Micro Area",98762,98760,98733,98886,98502,97924,97744,97312
37220,"Pahrump, NV Micro Area",43946,43945,43856,43315,42899,42229,42203,42477
37260,"Palatka, FL Micro Area",74364,74364,74238,73912,73065,72442,72040,72023
37300,"Palestine, TX Micro Area",58458,58458,58485,58355,58010,57889,57742,57580
37420,"Pampa, TX Micro Area",22535,22535,22459,22575,22818,22895,23419,23210
37500,"Paragould, AR Micro Area",42090,42090,42188,42733,43168,43082,43729,44196
37540,"Paris, TN Micro Area",32330,32330,32381,32359,32353,32224,32261,32147
37580,"Paris, TX Micro Area",49793,49789,49812,49940,49770,49223,49457,49440
37660,"Parsons, KS Micro Area",21607,21607,21542,21424,21209,20927,20876,20803
37740,"Payson, AZ Micro Area",53597,53597,53544,53473,53031,53025,53139,53159
37780,"Pecos, TX Micro Area",13783,13783,13816,13774,13911,14089,14391,14732
37940,"Peru, IN Micro Area",36903,36903,36797,36587,36499,36124,35983,35862
38100,"Picayune, MS Micro Area",55834,55747,55724,55470,55088,54932,55298,55191
38180,"Pierre, SD Micro Area",21361,21361,21415,21644,21840,21855,22008,21935
38240,"Pinehurst-Southern Pines, NC Micro Area",88247,88247,88607,89384,90347,91564,93066,94352
38260,"Pittsburg, KS Micro Area",39134,39134,39177,39200,39385,39343,39374,39217
38380,"Plainview, TX Micro Area",36273,36273,36346,36426,36329,35802,34602,34360
38420,"Platteville, WI Micro Area",51208,51208,51203,51242,51003,51120,51824,52250
38460,"Plattsburgh, NY Micro Area",82128,82131,82068,81851,81863,81757,81702,81251
38500,"Plymouth, IN Micro Area",47051,47047,47009,46960,46992,46986,47013,46857
38580,"Point Pleasant, WV-OH Micro Area",58258,58260,58436,58318,58065,57720,57426,57179
38620,"Ponca City, OK Micro Area",46562,46562,46428,45816,45691,45552,45510,45366
38700,"Pontiac, IL Micro Area",38950,38950,38871,38839,38522,37412,37000,36671
38740,"Poplar Bluff, MO Micro Area",42794,42794,42796,42989,42997,42932,42887,42951
38780,"Portales, NM Micro Area",19846,19846,20014,20456,20340,19997,19626,19120
38820,"Port Angeles, WA Micro Area",71404,71404,71533,71778,71829,72222,72668,73486
38840,"Port Clinton, OH Micro Area",41428,41434,41392,41414,41339,41106,41072,40877
38920,"Port Lavaca, TX Micro Area",21381,21381,21327,21349,21559,21734,21791,21895
39020,"Portsmouth, OH Micro Area",79499,79499,79528,79233,78605,78094,77326,76825
39060,"Pottsville, PA Micro Area",148289,148289,148213,147616,147297,146752,145546,144590
39220,"Price, UT Micro Area",21403,21403,21421,21334,21252,20951,20620,20479
39260,"Prineville, OR Micro Area",20978,20978,20899,20679,20651,20782,21039,21630
39420,"Pullman, WA Micro Area",44776,44776,44797,45083,46639,46849,46938,48177
39500,"Quincy, IL-MO Micro Area",77314,77314,77353,77450,77324,77128,77144,77220
39700,"Raymondville, TX Micro Area",22134,22134,22201,22119,22120,21953,21917,21903
39780,"Red Bluff, CA Micro Area",63463,63461,63593,63285,63222,62984,62961,63308
39860,"Red Wing, MN Micro Area",46183,46183,46199,46276,46402,46395,46375,46435
39940,"Rexburg, ID Micro Area",50778,50778,50833,51032,50703,50541,50938,51092
39980,"Richmond, IN Micro Area",68917,69003,68900,68754,68287,67839,67447,67001
40080,"Richmond-Berea, KY Micro Area",99972,99972,100262,101344,102000,102267,103522,104766
40100,"Rio Grande City, TX Micro Area",60968,60968,61172,61763,62023,62509,63149,63795
40180,"Riverton, WY Micro Area",40123,40123,40222,40591,41129,41024,40717,40315
40260,"Roanoke Rapids, NC Micro Area",76790,76789,76528,76208,75230,74184,73586,72882
40300,"Rochelle, IL Micro Area",53497,53497,53440,53149,52820,52335,52023,51659
40460,"Rockingham, NC Micro Area",46639,46639,46626,46606,46350,46137,45700,45437
40540,"Rock Springs, WY Micro Area",43806,43806,43593,44041,45104,45162,44925,44626
40620,"Rolla, MO Micro Area",45156,45154,45313,45186,45227,44978,44960,44794
40700,"Roseburg, OR Micro Area",107667,107667,107662,107273,107127,106887,106998,107685
40740,"Roswell, NM Micro Area",65645,65645,65746,65681,65786,65989,65837,65764
40780,"Russellville, AR Micro Area",83939,83939,84263,84568,84410,84280,84963,85103
40820,"Ruston, LA Micro Area",46735,46735,46863,47066,47088,47390,47429,47774
40860,"Rutland, VT Micro Area",61642,61646,61585,61266,60915,60585,60150,59736
40940,"Safford, AZ Micro Area",37220,37220,37137,37081,36946,37386,37958,37666
41220,"St. Marys, GA Micro Area",50513,50513,50670,50312,51368,51469,51973,52102
41400,"Salem, OH Micro Area",107841,107841,107863,107265,106441,105827,105597,104806
41460,"Salina, KS Micro Area",61697,61697,61869,61806,61919,61820,61704,61666
41760,"Sandpoint, ID Micro Area",40877,40877,40917,40824,40438,40675,41533,41859
41780,"Sandusky, OH Micro Area",77079,77079,77034,76682,76464,76148,75860,75550
41820,"Sanford, NC Micro Area",57866,57866,57887,58552,59365,59927,59588,59660
42300,"Sault Ste. Marie, MI Micro Area",38520,38673,38600,38902,39003,38674,38320,38033
42380,"Sayre, PA Micro Area",62622,62622,62615,63034,62829,62325,61673,61281
42420,"Scottsbluff, NE Micro Area",38971,38971,39084,38996,39000,38944,38520,38309
42460,"Scottsboro, AL Micro Area",53227,53226,53179,53264,53064,52921,52631,52419
42620,"Searcy, AR Micro Area",77076,77076,77333,78133,78680,78685,78643,79161
42740,"Sedalia, MO Micro Area",42201,42201,42267,42134,42288,42186,42213,42255
42780,"Selinsgrove, PA Micro Area",39702,39709,39745,39659,39795,40079,40255,40444
42820,"Selma, AL Micro Area",43820,43820,43803,43178,42777,42021,41662,41131
42860,"Seneca, SC Micro Area",74273,74275,74357,74234,74612,74952,75232,75713
42900,"Seneca Falls, NY Micro Area",35251,35244,35245,35359,35381,35258,34890,34833
42940,"Sevierville, TN Micro Area",89889,89876,90131,91282,92436,93532,94889,95946
42980,"Seymour, IN Micro Area",42376,42380,42578,42935,43032,43514,43803,44069
43020,"Shawano, WI Micro Area",46181,46187,46199,46169,45992,45941,46084,45877
43060,"Shawnee, OK Micro Area",69442,69442,69654,70145,70685,71171,71802,71875
43140,"Shelby, NC Micro Area",98078,98083,97989,97558,97440,97006,97007,96879
43180,"Shelbyville, TN Micro Area",45058,45058,45103,45279,45327,45712,46428,47183
43220,"Shelton, WA Micro Area",60699,60699,60752,60917,60772,60550,60694,61023
43260,"Sheridan, WY Micro Area",29116,29116,29146,29275,29594,29794,30020,30009
43320,"Show Low, AZ Micro Area",107449,107491,107715,107429,107033,107424,108119,108277
43380,"Sidney, OH Micro Area",49423,49423,49313,49244,49125,49121,48942,48901
43460,"Sikeston, MO Micro Area",39191,39187,39241,39131,39123,39188,38856,39008
43500,"Silver City, NM Micro Area",29514,29514,29398,29396,29331,29257,29002,28609
43660,"Snyder, TX Micro Area",16921,16921,16940,16878,17094,17246,17356,17615
43700,"Somerset, KY Micro Area",63063,63063,63208,63415,63484,63694,63798,63782
43740,"Somerset, PA Micro Area",77742,77748,77759,77387,77193,76757,76226,75522
43760,"Sonora, CA Micro Area",55365,55365,55185,54746,54129,53940,53872,53709
43940,"Spearfish, SD Micro Area",24097,24097,24197,24335,24397,24951,24717,24827
43980,"Spencer, IA Micro Area",16667,16667,16633,16609,16571,16478,16520,16507
44020,"Spirit Lake, IA Micro Area",16667,16667,16668,16889,16975,16934,16928,17111
44260,"Starkville, MS Micro Area",47671,47671,47712,47864,48960,49275,49343,49800
44340,"Statesboro, GA Micro Area",70217,70217,70639,72853,72853,71358,72217,72651
44460,"Steamboat Springs, CO Micro Area",23509,23506,23450,23256,23240,23489,23917,24130
44500,"Stephenville, TX Micro Area",37890,37890,37887,38987,39470,39999,40617,41122
44540,"Sterling, CO Micro Area",22709,22709,22130,22107,21869,21676,21954,22036
44580,"Sterling, IL Micro Area",58498,58498,58496,58226,57785,57452,57084,57079
44620,"Stevens Point, WI Micro Area",70019,70019,69995,70173,70500,70577,70500,70408
44660,"Stillwater, OK Micro Area",77350,77350,77444,77970,78509,79481,80305,80850
44740,"Storm Lake, IA Micro Area",20260,20260,20324,20247,20541,20574,20680,20493
44780,"Sturgis, MI Micro Area",61295,61295,61288,61078,60953,60940,61120,61018
44860,"Sulphur Springs, TX Micro Area",35161,35161,35202,35314,35398,35431,35857,36223
44900,"Summerville, GA Micro Area",26015,26015,25958,25678,25639,25073,24892,24922
44920,"Summit Park, UT Micro Area",36324,36327,36512,37444,37923,38468,39136,39633
44980,"Sunbury, PA Micro Area",94528,94514,94349,94458,94519,94037,93770,93246
45000,"Susanville, CA Micro Area",34895,34895,34839,34298,33674,32176,31732,31345
45020,"Sweetwater, TX Micro Area",15216,15217,15246,15128,14891,15074,15105,15107
45140,"Tahlequah, OK Micro Area",46987,46985,47121,47744,48062,47928,48302,48447
45180,"Talladega-Sylacauga, AL Micro Area",93830,94049,93829,93169,93126,92373,92065,91586
45340,"Taos, NM Micro Area",32937,32940,32904,32944,32830,32992,33041,32907
45380,"Taylorville, IL Micro Area",34800,34800,34785,34728,34526,34189,33917,33642
45520,"The Dalles, OR Micro Area",25213,25213,25270,25246,25470,25464,25507,25775
45580,"Thomaston, GA Micro Area",27153,27153,27064,26934,26598,26498,26240,26368
45620,"Thomasville, GA Micro Area",44720,44719,44755,44614,44561,44893,44990,45063
45660,"Tiffin, OH Micro Area",56745,56745,56630,56432,56037,55814,55751,55610
45700,"Tifton, GA Micro Area",40118,40122,40242,41371,40967,40216,40619,40764
45740,"Toccoa, GA Micro Area",26175,26172,26149,25741,25721,25597,25455,25586
45860,"Torrington, CT Micro Area",189927,189927,189773,188945,187455,186609,184910,183603
45900,"Traverse City, MI Micro Area",143372,143372,143315,144380,145086,146369,147563,148334
45980,"Troy, AL Micro Area",32899,32899,32957,32903,33105,33630,33090,33046
46020,"Truckee-Grass Valley, CA Micro Area",98764,98748,98777,98779,98288,98142,98763,98877
46100,"Tullahoma-Manchester, TN Micro Area",100210,100209,100091,100142,100239,100904,101352,102048
46180,"Tupelo, MS Micro Area",136268,136268,136362,137302,138815,139529,139556,139817
46300,"Twin Falls, ID Micro Area",99604,99604,100002,100581,101033,102582,103898,105189
46380,"Ukiah, CA Micro Area",87841,87840,87811,87495,87522,87373,87683,87649
46460,"Union City, TN-KY Micro Area",38620,38620,38631,38404,37888,37451,37134,36877
46500,"Urbana, OH Micro Area",40097,40097,40059,39873,39578,39451,39078,38987
46620,"Uvalde, TX Micro Area",26405,26405,26447,26584,26775,26944,27214,27245
46740,"Valley, AL Micro Area",34215,34170,34098,33993,34075,34153,34052,34123
46780,"Van Wert, OH Micro Area",28744,28744,28665,28694,28718,28465,28442,28562
46820,"Vermillion, SD Micro Area",13864,13864,13836,14032,14106,13964,13991,13964
46860,"Vernal, UT Micro Area",32588,32584,32444,33286,34685,35745,36963,37928
46900,"Vernon, TX Micro Area",13535,13535,13502,13426,13254,13137,12944,13027
46980,"Vicksburg, MS Micro Area",58377,58371,58386,58034,57497,57444,57143,56635
47080,"Vidalia, GA Micro Area",36346,36346,36396,36247,36082,36197,36168,36192
47180,"Vincennes, IN Micro Area",38440,38440,38389,38467,38046,38023,37845,37927
47240,"Vineyard Haven, MA Micro Area",16535,16535,16557,16680,16788,17155,17320,17299
47340,"Wabash, IN Micro Area",32888,32888,32854,32585,32435,32351,32282,32138
47420,"Wahpeton, ND-MN Micro Area",22897,22897,22908,22850,22831,22842,22890,22798
47540,"Wapakoneta, OH Micro Area",45949,45949,45934,45819,45875,45907,45890,45876
47620,"Warren, PA Micro Area",41815,41815,41755,41495,41238,40962,40720,40396
47660,"Warrensburg, MO Micro Area",52595,52595,52727,53459,54465,54491,54410,53951
47700,"Warsaw, IN Micro Area",77358,77356,77340,77363,77610,77876,78445,78620
47780,"Washington, IN Micro Area",31648,31654,31744,31951,32150,32303,32745,32906
47820,"Washington, NC Micro Area",47759,47773,47781,47692,47507,47440,47513,47651
47920,"Washington Court House, OH Micro Area",29030,29030,29017,28898,28837,28743,28690,28679
47980,"Watertown, SD Micro Area",27227,27227,27222,27406,27598,27848,27960,27939
48020,"Watertown-Fort Atkinson, WI Micro Area",83686,83681,83685,83876,84373,84547,84372,84559
48100,"Wauchula, FL Micro Area",27731,27731,27738,27645,27391,27362,27441,27502
48180,"Waycross, GA Micro Area",55070,55064,55181,54920,54670,54704,54516,54473
48220,"Weatherford, OK Micro Area",27469,27469,27489,27727,28525,29306,29587,29744
48460,"West Plains, MO Micro Area",40400,40400,40569,40601,40575,40220,40116,40117
48580,"Whitewater-Elkhorn, WI Micro Area",102228,102228,102188,102798,103055,103041,103499,102804
48780,"Williston, ND Micro Area",22398,22398,22587,24401,26710,29561,32129,35294
48820,"Willmar, MN Micro Area",42239,42239,42247,42263,42439,42512,42465,42542
48940,"Wilmington, OH Micro Area",42040,42037,41903,41915,41844,41902,41880,41917
48980,"Wilson, NC Micro Area",81234,81234,81246,81430,81759,81607,81394,81714
49080,"Winnemucca, NV Micro Area",16528,16525,16592,16651,17090,17347,17228,17019
49100,"Winona, MN Micro Area",51461,51461,51419,51370,51362,51341,51107,50885
49220,"Wisconsin Rapids-Marshfield, WI Micro Area",74749,74749,74807,74647,74384,73996,73597,73435
49260,"Woodward, OK Micro Area",20081,20081,19977,20078,20624,21184,21485,21559
49300,"Wooster, OH Micro Area",114520,114514,114439,114667,115063,115319,115742,116063
49380,"Worthington, MN Micro Area",21378,21378,21398,21582,21687,21744,21653,21770
49460,"Yankton, SD Micro Area",22438,22438,22453,22506,22595,22680,22695,22702
49780,"Zanesville, OH Micro Area",86074,86074,86207,86228,85873,85742,85946,86290
49820,"Zapata, TX Micro Area",14018,14018,14075,14210,14250,14373,14333,14374
72,Puerto Rico,3725789,3726157,3721526,3678736,3634487,3593079,3534888,3474182
72,In metropolitan statistical area,3567524,3567892,3563235,3521532,3478556,3438118,3381761,3323005
10380,"Aguadilla-Isabela, PR Metro Area",339441,339465,338928,335076,330733,326653,321462,315685
11640,"Arecibo, PR Metro Area",199471,199471,199269,197335,195454,193993,191138,188295
25020,"Guayama, PR Metro Area",84214,84214,84095,82842,82067,81489,80310,79086
32420,"Mayagüez, PR Metro Area",106330,106330,106043,104215,102312,100533,98266,95988
38660,"Ponce, PR Metro Area",350480,350480,349503,343566,337366,331632,324707,317185
41900,"San Germán, PR Metro Area",137462,137626,137547,136333,135107,133864,132140,130228
41980,"San Juan-Carolina-Caguas, PR Metro Area",2350126,2350306,2347850,2322165,2295517,2269954,2233738,2196538
72,In micropolitan statistical area,130989,130989,131021,130274,129267,128548,127137,125637
10260,"Adjuntas, PR Micro Area",19483,19483,19472,19295,19116,19022,18799,18579
17620,"Coamo, PR Micro Area",40512,40512,40578,40567,40463,40405,40167,39862
17640,"Coco, PR Micro Area",31078,31078,31043,30797,30445,30207,29772,29351
27580,"Jayuya, PR Micro Area",16642,16642,16639,16416,16156,15913,15639,15328
42180,"Santa Isabel, PR Micro Area",23274,23274,23289,23199,23087,23001,22760,22517
